Author;Work;Location;Text;MVI;SID
Antiphon (0028);On the Murder of Herodes (005);16.4;πλέον εἶναι μηδ’ ἀποφυγόντι, ἀλλ’ ἐξεῖναί σοι λέγειν ὅτι κακοῦργος ἀπέφυγον, ἀλλ’ οὐ τοῦ φόνου τὴν δίκην·;ἔξεστι;50
Aristides, Aelius (0284);Orationes 45 Dindorf 2 Keil (045);80.4;ἡμῶν δέ γε οὐχ οἱ πρόγονοι, φαῖεν ἂν, ἀλλ’ ἡμεῖς αὐτοὶ τοῖς ἡμετέροις αὐτῶν ἔργοις καὶ βουλεύμασι καὶ λόγοις ἀπὸ τῶν βαρβάρων τοὺς Ἕλληνας ἐσώσαμεν, οὐ τὸ ἐν Σικελίᾳ κατοικοῦν μέρος αὐτῶν, ἀλλὰ τοὺς σύμπαντας καὶ τοὺς τῆς ἁπάσης οἰκουμένης τὸ ἕτερον μέρος νομισθέντας, ἐξ οὗ τότε τοῖς βαρβάροις ἀντάραντες ἐώσαντο, ὥστ’ ἐξεῖναί σοι περὶ πολιτείας νῦν ποιεῖσθαι λόγους, καὶ περὶ αὐτῶν ἡμῶν, ἔρρουσι δὲ τότε οὔτε λόγος οὔτ’ ἐλπὶς ἐλείπετ’ ἂν οὐδαμῆ οὐδαμῶς.;ἔξεστι;999
Demosthenes (0014);Against Aristocrates (023);61.5;"εἶτ’ οὐ δεινόν, ὦ γῆ καὶ θεοί, καὶ φανερῶς παράνομον, οὐ μόνον παρὰ τὸν γεγραμμένον νόμον, ἀλλὰ καὶ παρὰ τὸν κοινὸν ἁπάντων ἀνθρώπων, τὸν ἄγοντ’ ἢ φέροντα βίᾳ τἄμ’ ἐν πολεμίου μοίρᾳ μὴ ἐξεῖναί μοι ἀμύνεσθαι, εἴ γε μηδὲ τοῦτον τὸν τρόπον ἐξέσται Χαρίδημον ἀποκτεῖναι, ἀλλά, ἐὰν ἀδικῶν ἄγῃ καὶ φέρῃ βίᾳ τά τινος λῃζόμενος, ἀγώγιμος ὁ κτείνας ἔσται, τοῦ νόμου διδόντος, ἐὰν ἐπὶ τούτοις, ἀθῷον εἶναι;";ἔξεστι;239
Lysias (0540);Against Simon (003);44.4;ἐβουλόμην δ’ ἂν ἐξεῖναί μοι παρ’ ὑμῖν καὶ ἐκ τῶν ἄλλων ἐπιδεῖξαι τὴν τούτου πονηρίαν, ἵνα ἠπίστασθε ὅτι πολὺ ἂν δικαιότερον αὐτὸς περὶ θανάτου ἠγωνίζετο ἢ ἑτέρους ὑπὲρ τῆς πατρίδος εἰς κίνδυνον καθίστη.;ἔξεστι;89
Plato (0059);Gorgias (023);468.e.6;ὡς δὴ σύ, ὦ Σώκρατες, οὐκ ἂν δέξαιο ἐξεῖναί σοι ποιεῖν ὅτι δοκεῖ σοι ἐν τῇ πόλει μᾶλλον ἢ μή, οὐδὲ ζηλοῖς ὅταν ἴδῃς τινὰ ἢ ἀποκτείναντα ὃν ἔδοξεν αὐτῷ ἢ ἀφελόμενον χρήματα ἢ δήσαντα.;ἔξεστι;625
Plato (0059);Laws (034);928.d.5;διαφοραὶ πατέρων τε πρὸς αὑτῶν παῖδας γίγνονται καὶ παίδων πρὸς γεννητὰς μείζους ἢ χρεών, ἐν αἷς οἵ τε πατέρες ἡγοῖντ’ ἂν δεῖν τὸν νομοθέτην νομοθετεῖν ἐξεῖναί σφισιν, ἐὰν βούλωνται, τὸν ὑὸν ὑπὸ κήρυκος ἐναντίον ἁπάντων ἀπειπεῖν ὑὸν κατὰ νόμον μηκέτ’ εἶναι, ὑεῖς τ’ αὖ σφίσι πατέρας ὑπὸ νόσων ἢ γήρως διατιθεμένους αἰσχρῶς ἐξεῖναι παρανοίας γράφεσθαι·;ἔξεστι;4515
Xenophon (0032);Anabasis (006);3.1.22.3;ὥστε ἐξεῖναί μοι δοκεῖ ἰέναι ἐπὶ τὸν ἀγῶνα πολὺ σὺν φρονήματι μείζονι ἢ τούτοις.;ἔξεστι;1114
Xenophon (0032);Memorabilia (002);2.6.36.7;ἃ δὴ καὶ ἐγὼ πεισθεὶς ὀρθῶς ἔχειν ἡγοῦμαι οὐκ ἐξεῖναί μοι περὶ σοῦ λέγειν ἐπαινοῦντι οὐδὲν ὅ τι ἂν μὴ ἀληθεύω.;ἔξεστι;813
Aeschines (0026);Against Timarchus (001);34.7;τὸν γὰρ περὶ τῆς προεδρίας τῶν φυλῶν νόμον Τίμαρχος οὑτοσὶ καὶ ἕτεροι τοιοῦτοι ῥήτορες συνελθόντες γεγραμμένοι εἰσὶ μὴ ἐπιτήδειον εἶναι, ἔν’ ἐξῇ αὐτοῖς καὶ ζῆν καὶ λέγειν ὡς αὐτοὶ βούλονται.;ἔξεστι;128
Andocides (0027);On the Mysteries (001);86.5;ἐπειδὴ τοίνυν ἑωρῶμεν ὅτι πολλοῖς τῶν πολιτῶν εἶεν συμφοραί, τοῖς μὲν κατὰ νόμους, τοῖς δὲ κατὰ ψηφίσματα πρότερον γενόμενα, τουτουσὶ τοὺς νόμους ἐθέμεθα, αὐτῶν ἕνεκα τῶν νυνὶ ποιουμένων, ἵνα τούτων μηδὲν γίγνηται μηδὲ ἐξῇ συκοφαντεῖν μηδενί.;ἔξεστι;305
Aristides, Aelius (0284);Orationes 30 Dindorf 6 Keil (030);386.17;οἱ γὰρ ὑπὲρ τοῦ πλείονος πόλεμοι τοῦτον ἔχουσι τὸν νοῦν, ἂν μὲν ἐξῇ λαβεῖν, τολμᾶν, εἰ δὲ μὴ, τό γε δεύτερον, μὴ χείρω τἀρχαῖα ποιῆσαι·;ἔξεστι;144
Aristides, Aelius (0284);Orationes 30 Dindorf 6 Keil (030);388.35;ἐν οἷς δὲ ἐγὼ λέγω πάντα ἐφ’ ὑμῖν μετὰ τοῦ καιροῦ γίγνεται, καὶ τὸ λαβεῖν Σικελίαν, ἐὰν ἐξῇ, καὶ τὸ αὐτούς γε εἶναι σῶς, ἐὰν ἄρα ἐκεῖνο μόνον μὴ συμβῇ.;ἔξεστι;174
Aristides, Aelius (0284);Orationes 31 Dindorf 7 Keil (031);395.21;οἱ δὲ τὰς σεμνὰς ἐκείνας ἐπαγγελίας ἐπαγγελλόμενοι καὶ δελεάζοντες τοὺς Ἕλληνας τῷ τῆς ἐλευθερίας ὀνόματι, οὗτοι νῦν ἐὰν αὐτοῖς αὐτονόμοις ἐξῇ τὴν ἑαυτῶν οἰκεῖν, ἀγαπᾶν ὁμολογοῦσι καὶ οἱ περὶ τῆς ἡγεμονίας ἀμφισβητήσαντες ὑμῖν βεβαιωταὶ μᾶλλον αὐτῆς γεγόνασι.;ἔξεστι;48
Aristides, Aelius (0284);Orationes 39 Dindorf 10 Keil (039);502.8;"ἔπειτα πῶς ὑμῖν γε θαρρεῖν ὑπὲρ τῆς ἐλευθερίας ἔξεστιν, ὅταν μηδὲ δουλεύειν ἀλλήλοις ἐξῇ, ἀλλὰ δέῃ καθάπαξ ἀπολωλέναι Φίλιππον, ἔγωγε προσθείην ἂν, ὦ Ζεῦ;";ἔξεστι;144
Aristides, Aelius (0284);Orationes 40 Dindorf 29 Keil (040);510.11;ἵν’ ἐξῇ τοῖς νέοις ἀσκεῖν ἀδεῶς τὰ βελτίω.;ἔξεστι;60
Aristides, Aelius (0284);Orationes 53 Dindorf 53 Keil (sp.) (053);8.22;ἂν δ’ ἄρ’ ἀμφότερα μὴ ἐξῇ, καὶ δίκαια πράττειν καὶ συμφέροντα αὑτοῖς, οἱ δ’ αἱροῦνται συμφέροντα μᾶλλον ἢ δίκαια πράττειν.;ἔξεστι;62
Aristophanes (0019);Plutus (011);512;"ἀμφοῖν δ’ ὑμῖν τούτοιν ἀφανισθέντοιν ἐθελήσει τίς χαλκεύειν ἢ ναυπηγεῖν ἢ ῥάπτειν ἢ τροχοποιεῖν, ἢ σκυτοτομεῖν ἢ πλινθουργεῖν ἢ πλύνειν ἢ σκυλοδεψεῖν, ἢ γῆς ἀρότροις ῥήξας δάπεδον καρπὸν Δηοῦς θερίσασθαι, ἢν ἐξῇ ζῆν ἀργοῖς ὑμῖν πάντων ἀμελοῦσιν;";ἔξεστι;430
Demosthenes (0014);Against Aristogeiton 1 (025);75.4;ἀλλ’ ὅταν, οἷς ἐκ τῶν νόμων μὴ ἔξεστιν, ἐκ τῶν ὑμετέρων βουλήσεων ἐξῇ, ὅταν ἡ μὲν πονηρία τιμᾶται, τὰ χρηστὰ δ’ ἀπορρίπτηται, ὅταν τὸ δίκαιον καὶ τὸ συμφέρον ἡττᾶται τοῦ φθόνου, τότ’ ἄνω κάτω πάντα χρὴ νομίζειν τετράφθαι.;ἔξεστι;273
Demosthenes (0014);Against Timocrates (024);34.6;πρῶτον μὲν ἵν’ ὑμῖν ἐξῇ τὰ δίκαια ψηφίζεσθαι μετ’ εὐσεβείας.;ἔξεστι;106
Demosthenes (0014);On the Accession of Alexander (017);25.1;ἕως γὰρ ἂν ἐξῇ τῶν κατὰ θάλατταν καὶ μόνοις ἀναμφισβητήτως εἶναι κυρίοις, τοῖς γε κατὰ γῆν πρὸς τῇ ὑπαρχούσῃ δυνάμει ἔστι προβολὰς ἑτέρας ἰσχυροτέρας εὑρέσθαι, ἄλλως τε καὶ πεπαυμένων ὑπὸ τῆς τύχης τῶν δορυφορουμένων ὑπὸ τῶν τυραννικῶν στρατοπέδων, καὶ τῶν μὲν ἐφθαρμένων, τῶν δὲ ἐξεληλεγμένων οὐδενὸς ἀξίων ὄντων.;ἔξεστι;61
Herodotus (0016);Histories (001);8.40.3;τῶνδε δὲ εἵνεκα ἀνῆγον τὰς νέας, ἵνα δὴ τοῖσι Ἕλλησι μηδὲ φυγεῖν ἐξῇ, ἀλλ’ ἀπολαμφθέντες ἐν τῇ Σαλαμῖνι δοῖεν τίσιν τῶν ἐπ’ Ἀρτεμισίῳ ἀγωνισμάτων.;ἔξεστι;8867
Isocrates (0010);Archidamus (016);4.5;"ἐπειδὴ δ’ οὐ τῷ πλήθει τῶν ἐτῶν πρὸς τὸ φρονεῖν εὖ διαφέρομεν ἀλλήλων, ἀλλὰ τῇ φύσει καὶ ταῖς ἐπιμελείαις, πῶς οὐκ ἀμφοτέρων χρὴ τῶν ἡλικιῶν πεῖραν λαμβάνειν, ἵν’ ἐξ ἁπάντων ὑμῖν ἐξῇ τῶν ῥηθέντων ἑλέσθαι τὰ συμφορώτατα;";ἔξεστι;6
Lysias (0540);Against Nicomachus (030);30.3;νῦν τοίνυν ὑμῖν μεταμελησάτω τῶν πεπραγμένων, καὶ μὴ ὑπὸ τούτων ἀεὶ κακῶς πάσχοντες ἀνέχεσθε, μηδὲ ἰδίᾳ μὲν ὀνειδίζετε τοῖς ἀδικοῦσιν, ἐπειδὰν δ’ ἐξῇ δίκην παρ’ αὐτῶν λαμβάνειν, ἀποψηφίζεσθε.;ἔξεστι;80
Plato (0059);Euthydemus (021);301.e.10;"ἆρ’ οὖν, ἔφη, ταῦτα ἡγῇ σὰ εἶναι, ὧν ἂν ἄρξῃς καὶ ἐξῇ σοι αὐτοῖς χρῆσθαι ὅτι ἂν βούλῃ;";ἔξεστι;1029
Plato (0059);Euthydemus (021);302.e.3;—τῶν δέ γε ζῴων, ἔφη, ὡμολόγηκας ταῦτ’ εἶναι σά, ὅσα ἄν σοι ἐξῇ καὶ δοῦναι καὶ ἀποδόσθαι καὶ θῦσαι δὴ θεῷ ὅτῳ ἂν βούλῃ.;ἔξεστι;1064
Plato (0059);Laws (034);918.c.9;ὦ φίλε Κλεινία, σμικρὸν γένος ἀνθρώπων καὶ φύσει ὀλίγον καὶ ἄκρᾳ τροφῇ τεθραμμένον, ὅταν εἰς χρείας τε καὶ ἐπιθυμίας τινῶν ἐμπίπτῃ, καρτερεῖν πρὸς τὸ μέτριον δυνατόν ἐστιν, καὶ ὅταν ἐξῇ χρήματα λαβεῖν πολλά, νήφει καὶ πρότερον αἱρεῖται τοῦ πολλοῦ τὸ τοῦ μέτρου ἐχόμενον·;ἔξεστι;4397
Thucydides (0003);History (001);1.77.2.4;βιάζεσθαι γὰρ οἷς ἂν ἐξῇ, δικάζεσθαι οὐδὲν προσδέονται.;ἔξεστι;479
Xenophon (0032);Economics (003);7.41.1;ἄλλαι δέ τοι, ἔφην ἐγώ, ἴδιαι ἐπιμέλειαι, ὦ γύναι, ἡδεῖαί σοι γίγνονται, ὁπόταν ἀνεπιστήμονα ταλασίας λαβοῦσα ἐπιστήμονα ποιήσῃς καὶ διπλασίου σοι ἀξία γένηται, καὶ ὁπόταν ἀνεπιστήμονα ταμιείας καὶ διακονίας παραλαβοῦσα ἐπιστήμονα καὶ πιστὴν καὶ διακονικὴν ποιησαμένη παντὸς ἀξίαν ἔχῃς, καὶ ὁπόταν τοὺς μὲν σώφρονάς τε καὶ ὠφελίμους τῷ σῷ οἴκῳ ἐξῇ σοι εὖ ποιῆσαι, ἐὰν δέ τις πονηρὸς φαίνηται, ἐξῇ σοι κολάσαι·;ἔξεστι;395
Xenophon (0032);Hiero (008);6.11.3;πιστὸν δὲ ἕνα πολὺ χαλεπώτερον εὑρεῖν ἢ πάνυ πολλοὺς ἐργάτας ὁποίου βούλει ἔργου, ἄλλως τε καὶ ὁπόταν χρημάτων μὲν ἕνεκα παρῶσιν οἱ φυλάττοντες, ἐξῇ δ’ αὐτοῖς ἐν ὀλίγῳ χρόνῳ πολὺ πλείω λαβεῖν ἀποκτείνασι τὸν τύραννον ἢ ὅσα πολὺν χρόνον φυλάττοντες παρὰ τοῦ τυράννου λαμβάνουσιν.;ἔξεστι;191
Xenophon (0032);Memorabilia (002);2.5.4.5;ἐγὼ γάρ τοι, ἔφη, πολλάκις ἀκούων τοῦ μὲν ὅτι προύδωκεν αὐτὸν φίλος ἀνήρ, τοῦ δ’ ὅτι μνᾶν ἀνθ’ ἑαυτοῦ μᾶλλον εἵλετο ἀνήρ, ὃν ᾤετο φίλον εἶναι, τὰ τοιαῦτα πάντα σκοπῶ, μή, ὥσπερ ὅταν τις οἰκέτην πονηρὸν πωλῇ καὶ ἀποδίδοται τοῦ εὑρόντος, οὕτω καὶ τὸν πονηρὸν φίλον, ὅταν ἐξῇ τὸ πλέον τῆς ἀξίας λαβεῖν, ἐπαγωγὸν ᾖ ἀποδίδοσθαι·;ἔξεστι;685
Aeschines (0026);Against Ctesiphon (003);73.5;ὁ γὰρ μισαλέξανδρος καὶ μισοφίλιππος ἡμῖν οὑτοσὶ ῥήτωρ δὶς ἐπρέσβευσεν εἰς Μακεδονίαν, ἐξὸν μηδὲ ἅπαξ, ὁ νυνὶ κελεύων τῶν Μακεδόνων καταπτύειν.;ἔξεστι;230
Aeschylus (0085);Prometheus Bound (003);645;"αἰεὶ γὰρ ὄψεις ἔννυχοι πωλεύμεναι ἐς παρθενῶνας τοὺς ἐμοὺς παρηγόρουν λείοισι μύθοις ὦ μέγ’ εὔδαιμον κόρη, τί παρθενεύει δαρόν, ἐξόν σοι γάμου τυχεῖν μεγίστου;";ἔξεστι;333
Andocides (0027);Against Alcibiades (004);4.6;τῶν μὲν γὰρ ἰδίων ἀδικημάτων μεγάλην τιμωρίαν ταύτην νομίζω, τῶν δὲ δημοσίων μικρὰν καὶ οὐδενὸς ἀξίαν ἡγοῦμαι ζημίαν, ἐξὸν κολάζειν χρήμασι καὶ δεσμῷ καὶ θανάτῳ.;ἔξεστι;12
Andocides (0027);Against Alcibiades (004);20.2;κελεύοντος δὲ τοῦ νόμου τῶν χορευτῶν ἐξάγειν ὃν ἄν τις βούληται ξένον ἀγωνιζόμενον, οὐκ ἐξὸν ἐπιχειρήσαντα κωλύειν, ἐναντίον ὑμῶν καὶ τῶν ἄλλων Ἑλλήνων τῶν θεωρούντων καὶ τῶν ἀρχόντων ἁπάντων παρόντων τῶν ἐν τῇ πόλει τύπτων ἐξήλασεν αὐτόν, καὶ τῶν θεατῶν συμφιλονικούντων ἐκείνῳ καὶ μισούντων τοῦτον, ὥστε τῶν χορῶν τὸν μὲν ἐπαινούντων, τοῦ δ’ ἀκροάσασθαι οὐκ ἐθελόντων, οὐδὲν πλέον ἔπραξεν·;ἔξεστι;64
Andocides (0027);On His Return (002);26.3;τάδε γὰρ οὐ ψευσαμένῳ μοι λαθεῖν οἷόν τ’ ἐστι τούς γε πρεσβυτέρους ὑμῶν, ὅτι ὁ τοῦ ἐμοῦ πατρὸς πάππος Λεωγόρας στασιάσας πρὸς τοὺς τυράννους ὑπὲρ τοῦ δήμου, ἐξὸν αὐτῷ διαλλαχθέντι τῆς ἔχθρας καὶ γενομένῳ κηδεστῇ ἄρξαι μετ’ ἐκείνων τῶν ἀνδρῶν τῆς πόλεως, εἵλετο μᾶλλον ἐκπεσεῖν μετὰ τοῦ δήμου καὶ φεύγων κακοπαθεῖν μᾶλλον ἢ προδότης αὐτῶν καταστῆναι.;ἔξεστι;84
Antiphon (0028);On the Choreutes (006);44.1;ἐπειδὴ δὲ οὑτοσὶ ὁ βασιλεὺς εἰσῆλθεν, ἐξὸν ἀυτοῖς ἀπὸ τῆς πρώτης ἡμέρας ἀρξαμένοις τοῦ Ἑκατομβαιῶνος μηνὸς τριάκονθ’ ἡμέρας συνεχῶς τούτων ᾗτινι ἐβούλοντο ἀπογράφεσθαι, ἀπεγράφοντο οὐδεμιᾷ·;ἔξεστι;130
Antiphon (0028);On the Choreutes (006);44.1;καὶ αὖθις τοῦ Μεταγειτνιῶνος μηνὸς ἀπὸ τῆς πρώτης ἡμέρας ἀρξαμένοις ἐξὸν αὐτοῖς ἀπογράφεσθαι λτᾗγττινι ἐβούλοντο, οὐδ’ αὖ πω ἐνταῦθα ἀπεγράψαντο, ἀλλὰ παρεῖσαν καὶ τούτου τοῦ μηνὸς εἴκοσιν ἡμέρας·;ἔξεστι;131
Antiphon (0028);On the Choreutes (006);44.8;ὥστε αἱ σύμπασαι ἡμέραι ἐγένοντο αὐτοῖς πλεῖν ἢ πεντήκοντα ἐπὶ τούτου τοῦ βασιλέως, ἐν αἷς ἐξὸν αὐτοῖς ἀπογράψασθαι οὐκ ἀπεγράψαντο.;ἔξεστι;132
Antiphon (0028);On the Choreutes (006);45.2;καὶ οὗτοι παρόντες καὶ ἐπιδημοῦντες, ἐξὸν αὐτοῖς ἀπογράφεσθαι καὶ εἴργειν ἐμὲ τούτων ἁπάντων, οὐκ ἠξίουν ἀπογράφεσθαι·;ἔξεστι;134
Antiphon (0028);On the Murder of Herodes (005);61.2;ἐξὸν γὰρ αὐτῷ ἐν ἀγῶνι καὶ κινδύνῳ μεγάλῳ καταστήσαντι μετὰ τῶν νόμων τῶν ὑμετέρων ἀπολέσαι ἐκεῖνον, εἴπερ προωφείλετο αὐτῷ κακόν, καὶ τό τε ἴδιον τὸ αὑτοῦ διαπράξασθαι καὶ τῇ πόλει τῇ ὑμετέρᾳ χάριν καταθέσθαι, εἰ ἐπέδειξεν ἀδικοῦντα ἐκεῖνον, οὐκ ἠξίωσεν, ἀλλ’ οὐδ’ ἦλθεν ἐπὶ τοῦτον.;ἔξεστι;223
Aristides, Aelius (0284);Orationes 11 Dindorf 31 Keil (011);76.24;ὅς γε τῆς μὲν μητρὸς οὕτως εἴχετο ὥσπερ οἱ πρὸς τῷ μαστῷ παῖδες, τὸν δὲ ἀδελφὸν ὡς παῖδα ἠσπάζετο, τῶν δὲ μαθημάτων οὕτως εἴχετο ὥσπερ οὐκ ἐξὸν ἄλλως αὐτὸν ζῆν.;ἔξεστι;18
Aristides, Aelius (0284);Orationes 13 Dindorf 1 Keil (013);174.11;ὃ δὲ δὴ μάλιστα ἄξιον τῆς ἐκείνων φύσεως ἀγασθῆναι καὶ κρεῖττον ἢ κατ’ ἄνθρωπον ἡγήσασθαι, ἐξὸν γὰρ αὑτοῖς ἀκολουθοῦντας ἔχειν Λακεδαιμονίους καὶ κατὰ γῆν καὶ κατὰ θάλατταν, ἢ περιιδεῖν ἐπὶ κεφαλὴν ὠσθέντας, συμμάχων, περιοίκων, οἰκετῶν, ἁπάντων ἐπανεστηκότων, ἐπὶ τοῖς ἴσοις ἐδέξαντο, καὶ πορευομένης ὥσπερ φλογὸς τῆς Θηβαίων δυνάμεως ἐπὶ τὴν πόλιν τῶν Λακεδαιμονίων καὶ τὰ λοιπὰ τῆς Πελοποννήσου μόνοι καὶ Ἑλλήνων καὶ βαρβάρων προστάντες ἐκώλυσαν.;ἔξεστι;856
Aristides, Aelius (0284);Orationes 30 Dindorf 6 Keil (030);386.13;διὰ γὰρ ἐκείνους φεύγειν ἠναγκάσμεθα, ὡς αὐτοὶ λέγουσι, ἐξὸν κατὰ χώρας ἐξ ἀρχῆς μένειν.;ἔξεστι;139
Aristides, Aelius (0284);Orationes 30 Dindorf 6 Keil (030);388.9;οὗτοι μὲν οὖν φοβοῦνται μὴ φεύγειν δοκῶμεν, ἐγὼ δὲ ἀπεύχομαι μὲν τοῦ λόγου τὴν ἀλήθειαν, τὸν ἐναντίον δὲ φοβοῦμαι φόβον μὴ πλεονάζοντες, εἶτ’ οὐ δυνηθῶμεν φεύγειν, ἀλλὰ πάθωμεν ταυτὸν τοῖς περὶ τοὺς κύβους φιλονεικοῦσιν, οἷς ἐξὸν παριδεῖν ὅσον ἐζημιώθησαν, εἶτα ἀθώοις εἶναι τοῦ πλείονος, ἡ μετὰ τῆς ὀργῆς ἔρις τὴν εἰς τοὔσχατον ἤνεγκε βλάβην.;ἔξεστι;167
Aristides, Aelius (0284);Orationes 31 Dindorf 7 Keil (031);392.34;ἐξὸν γὰρ αὐτοῖς, εἰ μετριάζειν ἠξίουν, αὐτούς τ’ ἐξ ἀρχῆς ἔχειν καὶ ἑτέροις ταῦτα βραβεύειν, ἐπαρθέντες τοῖς ὑπάρχουσιν, εἰ νῦν δυνήσονται παρ’ ὑμῶν τῶν αὐτῶν τούτων τυχεῖν, εὕρημα ποιοῦνται.;ἔξεστι;18
Aristides, Aelius (0284);Orationes 31 Dindorf 7 Keil (031);394.1;μὴ τοίνυν ἐξὸν ἅπασι κρατεῖν, καὶ ἐν οἷς νενικήκαμεν καὶ ἐν οἷς προειλόμεθα, ταῦτ’ εἰς ἄδηλον τρέψωμεν.;ἔξεστι;29
Aristides, Aelius (0284);Orationes 31 Dindorf 7 Keil (031);394.29;καὶ μὴν τὸ μὲν ἐξὸν ὅλως κρατῆσαι τραπέσθαι πρὸς τὴν εἰρήνην ἀντίρροπον τῆς πλεονεξίας ἔχει τὴν δόξαν τὴν ἐπὶ τῷ τὸ κοινῇ βέλτιστον ᾑρῆσθαι καὶ περὶ πλείονος ποιεῖσθαι τὸ τὴν Ἑλλάδα σῶσαι τοῦ διαφθεῖραι τοὺς ἀνταγωνιστὰς, τὸ δ’ ἄδηλον τοῦ μέλλοντος συμβήσεσθαι μὴ φυλάξασθαι πάσης ἔξω παραμυθίας ἐστίν.;ἔξεστι;38
Aristides, Aelius (0284);Orationes 31 Dindorf 7 Keil (031);398.7;ἀλλ’ ἐκλείπειν μέν ποτε τὴν πόλιν καὶ προΐεσθαι καὶ ἱερὰ καὶ τάφους καὶ ἅμα τοῖς σώμασι καὶ τοῖς οὖσι κινδυνεύειν ᾠόμεθα δεῖν, τῆς κοινῆς σωτηρίας τῶν Ἑλλήνων ἕνεκα, ἐξὸν δ’ ἐν αὐτῷ τῷ παύσασθαι κινδυνεύοντας σῶσαι τὰ πράγματ’ αὐτοῖς, οὐ τολμήσομεν, ἀλλὰ τῶν μὲν ἀθλητῶν εὖ βουλεύεσθαι νομίζομεν οἵτινες ἂν νικῶντες καταλύωσι καὶ μὴ πρὸς ἀνάγκην, αὐτοὶ δ’ οὐχ οὕτω πράξομεν, οὐδ’ εἰσόμεθα ὅτι πρὸς μὲν τοὺς βαρβάρους καὶ μέχρι τῶν ἐσχάτων ἴσως προσήκει προϊέναι, τοὺς δὲ τῶν Ἑλλήνων πρὸς ἀλλήλους ἀγῶνας τοῖς στεφανίταις ἀγῶσι νομίζειν προσεοικέναι καὶ τὴν νίκην ἀποχρῶν ἡγεῖσθαι τέλος, πέρα δὲ μηδὲν ζητεῖν.;ἔξεστι;88
Aristides, Aelius (0284);Orationes 34 Dindorf 12 Keil (034);441.22;ὑμεῖς, ὦ καλῶς φρονεῖν φάσκοντες, τούτους τοὺς ἀνθρώπους ἐξὸν ὑμῖν εἰς πᾶν ἀσθενείας ἀγαγεῖν καὶ χρῆσθαι κοσμίοις, οὐ μόνον οὐκ αὐτοὶ τοῦτ’ ἐποιήσατε, ἀλλὰ καὶ Θηβαίους διεκωλύσατε καὶ προὔδοτε συμμάχους ὄντας.;ἔξεστι;179
Aristides, Aelius (0284);Orationes 36 Dindorf 14 Keil (036);458.9;ἐρωτῶσι δὲ τίς ἐγγυητής ἐστι τοῦ Θηβαίους ἐφ’ ἑαυτῶν μένειν, ὥσπερ οὐκ ἐξὸν ἡμᾶς ἀντερωτῆσαι τίς δ’ ἐγγυητής ἐστι τοῦ Λακεδαιμονίους ἐφ’ αὑτῶν μένειν, ἄνπερ τοῦτον τὸν πόλεμον διαθῶνται.;ἔξεστι;9
Aristides, Aelius (0284);Orationes 37 Dindorf 15 Keil (037);476.24;ὅλως δὲ οὐχ ὁρῶ περὶ ὅτου πολεμήσομεν, εἰ μήτε τούτοις μήτε ἐκείνοις ὑπομενοῦμεν περὶ ἀναιρέσεως, ἢ καθεδούμεθα ἐν μεταιχμίῳ φειδόμενοι τῶν ἀντιπάλων, ἐξὸν ὅλως φεύγειν τὸ δοκεῖν ἢ τούτους ἢ ’κείνους κακοῦν, μηδὲν πρὸς ὀργὴν ἀποφηναμένους τοῖς πρέσβεσιν, ἀλλ’ οὑτωσὶ πράως καὶ μετρίως ἀμφοτέροις εἶναι, καὶ εἰ μὲν ἐπ’ ἄλλους ἐκάλουν, ὑπακοῦσαι ῥᾳδίως ἂν, ἐπ’ ἀλλήλους δὲ καλούντων οὐκ ἐθέλειν παρεῖναι, οὐ τὸ εὖ ποιῆσαι τοὺς ἑτέρους φεύγοντες, ἀλλὰ τὸ ὁποτέρους κακῶς.;ἔξεστι;153
Aristides, Aelius (0284);Orationes 39 Dindorf 10 Keil (039);501.8;μὴ τοίνυν ἐξὸν καὶ τότ’ ἀληθεύειν δοκεῖν καὶ νῦν τὰ δίκαια πράττειν, τρία ταῦτ’ ἀνθέλησθε τὰ χείριστα, ἐξ ἀρχῆς τε κακοὶ γνώμην γενέσθαι περὶ ἡμᾶς καὶ ληφθέντες ἀναισχυντεῖν καὶ νῦν αὖθις ἐξεπίτηδες πονηρεύεσθαι, μηδ’ ἀνθ’ ὧν ἥκομεν ἡμεῖς ὑμῖν ἐθέλοντες τοῦ κινδύνου κοινωνεῖν, ἀντὶ τούτων ὑμεῖς Φιλίππῳ συνεμβάλλοντες ἐφ’ ἡμᾶς φανεροὶ γένησθε.;ἔξεστι;129
Aristides, Aelius (0284);Orationes 42 Dindorf 23 Keil (042);525.28;θαυμάζω δ’ εἰ πολέμου μὲν ἥκοντος πᾶς τις ἂν αὑτοῦ κέρδος ἡγοῖτο ὡς μετὰ πλείστων καὶ γενναιοτάτων συμμάχων κινδυνεύειν, ἐξὸν δ’ ἀκινδύνως τὰ ὑπάρχοντα καρποῦσθαι, εἰ μετ’ ἄλλων ὑπάρξει, ζημίαν λογιεῖται, καὶ μηδ’ ἐκεῖνο ἐνθυμηθήσεται, ὅτι ὅσῳ ἂν μειζόνων ἑαυτὸν ἀξιοῖ, τοσούτω μᾶλλον εἰκός ἐστι καὶ τοῖς ἄλλοις χρηστὰ τὰ πράγματ’ εἶναι συμβούλεσθαι·;ἔξεστι;91
Aristides, Aelius (0284);Orationes 42 Dindorf 23 Keil (042);529.28;οἱ μὲν γὰρ ἀήττητοι καὶ ἀπόρθητοι δοκοῦντες εἶναι ζῶντες ἤγοντο αὐτοῖς ὅπλοις, καὶ περὶ σπονδῶν ἐδέοντο, ἐξὸν αὐτοὺς ἐξ ἀρχῆς εἰρήνην ἄγειν πεῖσαι·;ἔξεστι;131
Aristides, Aelius (0284);Orationes 44 Dindorf 24 Keil (044);564.9;καὶ τοῦτο τοσοῦτον ἀτύχημα ἀτυχήσας ὁ δῆμος ἐκπεσὼν καὶ κατελθὼν αὖθις, ἐξὸν αὐτῷ τιμωρήσασθαι τοὺς ἐπαναστάντας καὶ πρὸς οὓς παρετάξαντο, ὁμονοεῖν εἵλετο, τὴν κοινὴν τῆς πόλεως σωτηρίαν προτέραν τῶν ἰδίων ἐγκλημάτων ποιησάμενος.;ἔξεστι;84
Aristides, Aelius (0284);Orationes 44 Dindorf 24 Keil (044);565.28;ὅταν οἱ μὲν ἄρχοντες μὴ πάντ’ ἐξεῖναι νομίζωσιν ἑαυτοῖς, ἀλλ’ ἑκόντες ὑφαιρῶσι τῆς ἐξουσίας, οἱ δ’ ὅ τι ἂν δοκῇ τοῖς κρείττοσιν ὡς ἐξὸν δέχωνται.;ἔξεστι;106
Aristides, Aelius (0284);Orationes 46 Dindorf 3 Keil (046);120.1;"καίτοι εἰ τὸν Ἀρχέλαον κακίζεις ὡς ἄθλιον καὶ κακοδαίμονα, ὅτι οὐδαμόθεν προσῆκον αὐτῷ τὴν τυραννίδα ἐκτήσατο, ὑπερβὰς τὸ δίκαιον καὶ διαφθείρας οὓς ἥκιστα εἰκὸς ἦν, ᾧ γε ἐξὸν ἐκείνῳ ὁμοίως τυραννεῖν, εἴπερ ἐβούλετο, οὐ ταῦτα ἔδοξεν, ἀλλὰ τοὺς νόμους καὶ τὸ δίκαιον πλείονος ἄξια τοῦ κέρδους ἐποιήσατο, πῶς οὐ τούτῳ συγχαίρειν εἰκὸς ἦν;";ἔξεστι;42
Aristides, Aelius (0284);Orationes 46 Dindorf 3 Keil (046);151.23;ἐβουλόμην δ’ ἂν καὶ πρὸς ἄλλον τινά μοι τὸν ἀγῶνα τυγχάνειν ὄντα καὶ μὴ πρὸς Πλάτωνα, καὶ περὶ τούτου λέγω καὶ περὶ τῶν ἄλλων, ἵνα πᾶσιν οἷς εἶχον ἐχρώμην θαρρούντως καὶ μὴ συνέβαινέ μοι παραπλήσιον ὥσπερ ἂν εἰ πλέων καὶ παρὸν ἐξ οὐρίας κομίζεσθαι, εἶτα ὑφιέμην ὑπὸ δειλίας, ἢ καὶ ἵπποις ἀγωνιζόμενος, ἐξὸν καὶ ταχὺ καὶ τοσοῦτον ὅσον βούλομαι παρενεγκεῖν, εἶτ’ ἀνεῖχον ἐξεπίτηδες φειδοῖ τοῦ προειληφότος·;ἔξεστι;392
Aristides, Aelius (0284);Orationes 46 Dindorf 3 Keil (046);205.21;τί οὖν οὐχὶ καὶ περὶ τοῦ σίτου κατηγορήσομεν αὐτῶν, ὅτι χρῶνται ἐπεισάκτῳ τῷ πλέονι καὶ προσδέονται θαλάττης, ἐξὸν τῇ χώρᾳ στέργειν ἣν γεωργοῦσιν, ὦ θειότατε ἀνδρῶν·;ἔξεστι;904
Aristides, Aelius (0284);Orationes 46 Dindorf 3 Keil (046);267.24;ἑτέρωθι δ’ αὖ πολλοῖς πρότερον χρόνοις δημηγορῶν ἐν τοῖς Ἀθηναίοις καὶ παρρησιαζόμενος, πείθων αὐτοὺς τὰ βέλτιστ’ ἀντὶ τῶν ἡδέων αἱρεῖσθαι, ἐξὸν αὐτῷ καὶ χωρὶς τοῦ μνησθῆναι τῶν ἄνω ῥητόρων περαίνειν τὰ τῆς ὑποθέσεως, ὥσπερ ἐπεισόδιον χρηστὸν ἐπεισήγαγε, καὶ τοῦ τε Περικλέους αὐτοὺς ὑπεμίμνησκε καὶ ἄλλων ὡδὶ λέγων ἀλλὰ δικαίου πολίτου κρίνω τὴν τῶν πραγμάτων σωτηρίαν ἀντὶ τῆς ἐν τῷ λέγειν χάριτος αἱρεῖσθαι.;ἔξεστι;1623
Aristides, Aelius (0284);Orationes 46 Dindorf 3 Keil (046);301.7;εἶθ’ ὅτε δὴ διεξῆλθεν ἃ ἐβούλετο, ἵνα μὴ δοκῇ παντελῶς φιλονείκως ἔχειν, ὃν οὐχ οἷόν τ’ ἦν ἐν ἀρχῇ κακῶς εἰπεῖν, τοῦτον ἐν τοῖς τελευταίοις ἐπῄνεσεν, ὡς ἐξὸν ἤδη, μάλ’ ἀρχαίως καὶ ἀφελῶς, ὡς ἄν τῳ δόξαι.;ἔξεστι;2062
Aristides, Aelius (0284);Orationes 46 Dindorf 3 Keil (046);310.8;καὶ τολμῶσιν ἤδη τῶν ἀρίστων ἐν τοῖς Ἕλλησι μνημονεύειν, ὥσπερ ἐξὸν αὐτοῖς·;ἔξεστι;2151
Aristides, Aelius (0284);Orationes 5 Dindorf 40 Keil (005);32.28;ἐκ δὲ τούτων ποιηταὶ Προμηθέας τε ὑπ’ αὐτοῦ λυομένους συνέθεσαν, ὡς καὶ ὅσα δήσειεν ὁ Ζεὺς, ταῦτ’ ἐξὸν Ἡρακλεῖ λῦσαι, καὶ τὸν Ἄτλαντα ὡς ἀπέπαυσε διαδεξάμενος καὶ ἀνασχὼν τὸν οὐρανὸν αὐτὸς, καὶ τὸν Κέρβερον ὡς ἀνήγαγεν ἐξ Ἅιδου καὶ μετ’ αὐτοῦ Θησέα τὸν τῶν Ἐρεχθειδῶν, καὶ ὡς Πλούτωνα καὶ Ἥραν τρώσειε, καὶ τοὺς Γίγαντας ὡς χειρώσαιτο ἐπίκουρος τοῖς θεοῖς γενόμενος·;ἔξεστι;16
Aristides, Aelius (0284);Orationes 50 Dindorf 34 Keil (050);414.9;"ὥστ’ εἰ μὲν οὐκ ἔχεις βελτίω τούτων, ἀμφότερα δυστυχεῖς, καὶ οἷς λέγεις καὶ οἷς οὐ δύνασαι λέγειν, εἰ δ’ ἐξὸν ἐκείνως ἄγειν οὕτω δέχει, πῶς οὐ παρανοεῖς;";ἔξεστι;165
Aristides, Aelius (0284);Orationes 52 Dindorf 16 Keil (052);428.22;"καὶ πῶς οὐκ ἄτοπον συμφορὰν μὲν ἐπίστασθαι συμφορᾶς ἀνταλλάξασθαι, ἄμφω δὲ ἐξὸν ἔχειν ἄνευ ζημίας, εἶτα ἀμφοῖν δέξασθαι στέρεσθαι;";ἔξεστι;51
Aristides, Aelius (0284);Orationes 53 Dindorf 53 Keil (sp.) (053);20.19;οὐκοῦν καὶ Ἐπικέρδης καὶ Λεύκων καὶ ὅστις ἕτερος, εἰ ὅτ’ αὐτοὺς ἡ πόλις ἐτίμα, δυοῖν αἵρεσις ἦν, ἢ ἀτελείας ἢ ἀνδριάντων μετέχειν, οὐκ ἄν μοι δοκοῦσι μηδ’ ὅσον περὶ ἀτελείας ἀκοῦσαι δεδέχθαι, ἐξὸν πολλῷ τινι μείζονι τετιμῆσθαι καὶ ὃ τοὺς μετασχόντας παραπλησίους εἶναι δοκεῖν ποιεῖ τοῖς θεοῖς·;ἔξεστι;180
Aristides, Aelius (0284);Orationes 54 Dindorf 54 Keil (sp.) (054);56.7;εἰ δ’ ἅμα ταύτης στερήσονται καὶ ἡμῖν ἔσονται δύσνοι, ὡς ὑφ’ ἡμῶν ἀτεχνῶς ὑβρισμένοι, μανία δή που σαφὴς ἀντὶ μικρῶν καὶ φαύλων λειτουργιῶν τοσούτοις ἡμᾶς διαβεβλῆσθαι καὶ κακῶς ἀκούειν καὶ μῖσος ἐν Ἕλλησι καὶ βαρβάροις ἔχειν, ἐξὸν πᾶν τοὐναντίον θαυμάζεσθαι καὶ φιλεῖσθαι καὶ διὰ τὴν ἡμετέραν πρὸς τούτους αἰδὼ πάντας ἐπὶ τὰ ἴσα προτρέπειν.;ἔξεστι;126
Aristides, Aelius (0284);Orationes 54 Dindorf 54 Keil (sp.) (054);118.13;καὶ πῶς οὐκ ἄτοπον τοῖς μὲν ἡμετέροις αὐτῶν κινδύνοις ἐξαιρεῖσθαι τοὺς ἄλλους ἐθέλειν κινδύνων, ἄμφω δὲ ἐξὸν ἔχειν, καὶ ἡμᾶς αὐτοὺς εὖ πάσχειν ὑπ’ ἄλλων, καὶ τοὺς ἄλλους ὑφ’ ἡμῶν ἀξιοῦσθαι τῶν ἴσων, εἶτ’ ἀμφοῖν ἐστερῆσθαι δεδέχθαι, καὶ τοὺς μὲν τὰ δεινότατα πάντων εἰργασμένους τὴν πόλιν καὶ μηδ’ ἡντινοῦν ὑπερβολὴν ἐλλελοιπότας κακίας, ὡς μηδ’ ἀδακρυτὶ μνημονεύειν ἐξεῖναι, τοσαύτης δή τινος διὰ τὴν ὁμόνοιαν σπουδῆς ἀξιῶσαι, ὡς καὶ μεγίστην ὑπὲρ αὐτῶν ὑποστῆναι χρημάτων δαπάνην·;ἔξεστι;226
Aristides, Aelius (0284);Orationes 54 Dindorf 54 Keil (sp.) (054);148.10;ὃ παρ’ ἄλλου μὲν ἂν γεγονὸς εἶχεν ἄν τινα παραμυθίαν ἡμῖν καὶ προσέτι τοῖς παραδείγμασι φέρειν ἐδόκει, τὸ δ’ ἡμῖν αὐτοῖς ἐπηρεάζοντας ἡμᾶς εἶναι καὶ κακῶς ποιεῖν καὶ ὃ τούτου δεινότερον, ἐξὸν μὴ πάσχειν, εἶτα πάσχειν αἱρεῖσθαι, πᾶσαν κακοδαιμονίαν ἐκβαίνει.;ἔξεστι;286
Aristophanes (0019);Ecclesiazusae (010);1002;"τί δῆτα κρεάγρας τοῖς κάδοις ὠνούμεθα, ἐξὸν καθέντα γρᾴδιον τοιουτονὶ ἐκ τῶν φρεάτων τοὺς κάδους ξυλλαμβάνειν;";ἔξεστι;829
Aristophanes (0019);Lysistrata (007);1016;"ταῦτα μέντοι σὺ ξυνιεὶς εἶτα πολεμεῖς ἐμοί, ἐξὸν ὦ πόνηρε σοὶ βέβαιον ἔμ’ ἔχειν φίλην;";ἔξεστι;815
Aristophanes (0019);Peace (005);1080;"οὐ παύσασθαι πολεμοῦντας, ἢ διακαυνιάσαι πότεροι κλαυσούμεθα μεῖζον, ἐξὸν σπεισαμένοις κοινῇ τῆς Ἑλλάδος ἄρχειν;";ἔξεστι;759
Aristophanes (0019);Wasps (004);698;σκέψαι τοίνυν ὡς ἐξόν σοι πλουτεῖν καὶ τοῖσιν ἅπασιν ὑπὸ τῶν ἀεὶ δημιζόντων οὐκ οἶδ’ ὅπῃ ἐγκεκύκλησαι, ὅστις πόλεων ἄρχων πλείστων ἀπὸ τοῦ Πόντου μέχρι Σαρδοῦς οὐκ ἀπολαύεις πλὴν τοῦθ’ ὃ φέρεις ἀκαρῆ·;ἔξεστι;485
Demosthenes (0014);Against Androtion (022);30.7;ἑώρα γὰρ ἐκεῖνο, ὅτι τοῖς πολλοῖς ὑμῶν ἐξὸν λέγειν οὐ λέγετε, ὥστε τοῦτ’ οὐδὲν ἡγεῖτο βαρύ, καὶ πόλλ’ ἂν εἶχεν, εἴ γε κολάζειν ἐβούλετο τούτους, χαλεπώτερα θεῖναι.;ἔξεστι;124
Demosthenes (0014);Against Androtion (022);56.6;εἶτ’ ἐπὶ τούτοις, ὡς ὁτιοῦν ἐξὸν ἑαυτῷ ποιεῖν, Σινώπην προσηνεχύραζεν καὶ Φανοστράτην, ἀνθρώπους πόρνας, οὐ μέντοι ὀφειλούσας εἰσφοράς.;ἔξεστι;206
Demosthenes (0014);Against Aphobus 1 (027);57.1;"ἢ τὴν μὲν φανερὰν οὐσίαν, ἣν καὶ ὑμῶν οἱ πολλοὶ συνῄδεσαν ὅτι κατελείφθη, μετὰ τῶν συνεπιτρόπων οὕτως αἰσχρῶς διήρπασεν, ὧν δ’ οὐκ ἐμέλλεθ’ ὑμεῖς ἔσεσθαι μάρτυρες, ἀπέσχετ’ ἂν ἐξὸν αὐτῷ λαβεῖν;";ἔξεστι;170
Demosthenes (0014);Against Aphobus 1 (027);60.1;τοσαύτης τοίνυν οὐσίας μοι καταλειφθείσης ὅσην ἐξ ἀρχῆς ἠκούσατε, καὶ τοῦ τρίτου μέρους πρόσοδον αὐτῆς φερούσης πεντήκοντα μνᾶς, ἐξὸν τούτοις τοῖς ἀπληστοτάτοις χρημάτων, καὶ εἰ μὴ μισθοῦν τὸν οἶκον ἐβούλοντο, ἀπὸ μὲν τούτων τῶν προσιόντων, ἐῶντας ὥσπερ εἶχεν κατὰ χώραν, ἡμᾶς τε τρέφειν καὶ τὰ πρὸς τὴν πόλιν διοικεῖν, καὶ ὅσ’ ἐξαὐτῶν περιεγίγνετο, ταῦτα προσπεριποιεῖν, τὴν δ’ ἄλλην οὐσίαν ἐνεργὸν ποιήσασιν, οὖσαν ταύτης διπλασίαν, αὑτοῖς τε, εἰ χρημάτων ἐπεθύμουν, μέτρι’ ἐξ αὐτῶν λαβεῖν, ἐμοί τε σὺν τοῖς ἀρχαίοις τὸν οἶκον ἐκ τῶν προσόδων μείζω ποιῆσαι, τούτων μὲν οὐδὲν ἐποίησαν, ἀποδόμενοι δ’ ἀλλήλοις τὰ πλείστου ἄξια τῶν ἀνδραπόδων, τὰ δὲ παντάπασιν ἀφανίσαντες, ἐμοῦ μὲν ἀνεῖλον καὶ τὴν ὑπάρχουσαν πρόσοδον, σφίσι δ’ αὐτοῖς οὐ μικρὰν ἐκ τῶν ἐμῶν κατεσκευάσαντο.;ἔξεστι;183
Demosthenes (0014);Against Aphobus 3 (029);49.1;"ἢ τὴν μὲν φανερὰν οὐσίαν, ἣν καὶ ὑμῶν πολλοὶ συνῄδεσαν ὅτι κατελείφθη, μετὰ τῶν συνεπιτρόπων οὕτως αἰσχρῶς διήρπασεν, ὧν δ’ οὐκ ἐμέλλεθ’ ὑμεῖς ἔσεσθαι μάρτυρες, ἀπέσχετ’ ἂν ἐξὸν αὐτῷ λαβεῖν;";ἔξεστι;157
Demosthenes (0014);Against Aristocrates (023);110.5;ἐκ δὲ τῶν ἐμπορίων, ἃ τότ’ ἂν κλεισθείη, πλεῖν ἢ διακόσια ὥστε τί βουλόμενος μικρὰ λαμβάνειν καὶ πολεμεῖν ἂν ἕλοιτο, ἐξὸν τὰ πλείω καὶ φίλος εἶναι, θαυμάζειν φήσουσιν.;ἔξεστι;425
Demosthenes (0014);Against Aristogeiton 1 (025);4.1;οἱ μὲν δικάσοντες ὑμεῖς ἥκετε μᾶλλον ἡμῶν τῶν κατηγόρων εἰδότες καὶ ὀφείλοντα τῷ δημοσίῳ τοῦτον καὶ ἐγγεγραμμένον ἐν ἀκροπόλει καὶ οὐκ ἐξὸν αὐτῷ λέγειν·;ἔξεστι;8
Demosthenes (0014);Against Aristogeiton 1 (025);38.1;δύ’ ἔτη βιάζεται λέγειν οὗτος οὐκ ἐξὸν αὐτῷ, ἀλλὰ λέγει γ’ ὅμως.;ἔξεστι;115
Demosthenes (0014);Against Aristogeiton 1 (025);101.1;"καὶ τί δεῖ ταῦτα ποιεῖν, ἐξὸν εὐφημεῖν καὶ ἅπαντας ἅπασι πάντα τἀγάθ’ εὔχεσθαι, καὶ ὑμᾶς ὑμῖν αὐτοῖς καὶ τοὺς ἄλλους Ἀθηναίους ἅπαντας ὑμῖν, προσθήσω δὲ καὶ τοὺς ξένους καὶ παῖδας καὶ γυναῖκας;";ἔξεστι;382
Demosthenes (0014);Against Boeotus 2 (040);5.1;οἵτινες, ὦ γῆ καὶ θεοί, ἐξὸν αὐτοῖς τὰ δίκαια ποιήσασι μὴ εἰσιέναι εἰς δικαστήριον, οὐκ αἰσχύνονται μὲν ἀναμιμνῄσκοντες ὑμᾶς εἴ τι ἢ ὁ πατὴρ ἡμῶν μὴ ὀρθῶς διεπράξατο ἢ οὗτοι εἰς ἐκεῖνον ἥμαρτον, ἀναγκάζουσι δ’ ἐμὲ δικάζεσθαι αὑτοῖς.;ἔξεστι;7
Demosthenes (0014);Against Dionysodorus (056);17.8;ταῦτα τοίνυν, ὦ ἄνδρες δικασταί, προκαλεσαμένων ἡμῶν Διονυσόδωρον τουτονὶ πολλάκις, καὶ ἐπὶ πολλὰς ἡμέρας ἐκτιθέντων τὴν πρόκλησιν, εὐήθεις ἔφη παντελῶς ἡμᾶς εἶναι, εἰ ὑπολαμβάνομεν αὐτὸν οὕτως ἀλογίστως ἔχειν ὥστ’ ἐπὶ διαιτητὴν βαδίζειν, προδήλου ὄντος ὅτι καταγνώσεται αὐτοῦ ἀποτεῖσαι τὰ χρήματα, ἐξὸν αὐτῷ ἐπὶ τὸ δικαστήριον ἥκειν φέροντα τὸ ἀργύριον, εἶτ’ ἐὰν μὲν δύνηται ὑμᾶς παρακρούσασθαι, ἀπιέναι τἀλλότρια ἔχοντα, εἰ δὲ μή, τηνικαῦτα καταθεῖναι τὰ χρήματα, ὡς ἂν ἄνθρωπος οὐ τῷ δικαίῳ πιστεύων, ἀλλὰ διάπειραν ὑμῶν λαμβάνειν βουλόμενος.;ἔξεστι;41
Demosthenes (0014);Against Evergus And Mnesibulus (047);5.1;ἐξὸν γὰρ αὐτοῖς ἀπηλλάχθαι πραγμάτων καὶ μὴ κινδυνεύειν εἰσιόντας εἰς ὑμᾶς, ἔργῳ βεβαιώσαντας ὡς ἀληθής ἐστιν ἡ μαρτυρία, οὐκ ἠθελήκασιν παραδοῦναι τὴν ἄνθρωπον, ἣν μεμαρτυρήκασιν προκαλέσασθαι πρὸς τῷ διαιτητῇ Πυθοδώρῳ ἐκ Κηδῶν παραδιδόναι ἕτοιμον εἶναι Θεόφημον, ἠξίουν δ’ ἐγὼ παραλαμβάνειν, ὡς οἱ μάρτυρες ὑμῖν οἱ τότε παραγενόμενοι ἐμαρτύρησαν ἐν τῷ δικαστηρίῳ, καὶ νῦν δὲ μαρτυρήσουσιν.;ἔξεστι;11
Demosthenes (0014);Against Leochares (044);68.1;ὅσοι μὴ ἐπεποίηντο φησίν ὅτε Σόλων εἰσῄει εἰς τὴν ἀρχήν, ἐξεῖναι αὐτοῖς διαθέσθαι ὅπως ἂν ἐθέλωσιν ὡς τοῖς γε ποιηθεῖσιν οὐκ ἐξὸν διαθέσθαι, ἀλλὰ ζῶντας ἐγκαταλιπόντας υἱὸν γνήσιον ἐπανιέναι, ἢ τελευτήσαντας ἀποδιδόναι τὴν κληρονομίαν τοῖς ἐξ ἀρχῆς οἰκείοις οὖσι τοῦ ποιησαμένου.;ἔξεστι;213
Demosthenes (0014);Against Leptines (020);12.6;"πῶς οὖν οὐ δεινόν, ὦ ἄνδρες Ἀθηναῖοι, εἰ τότε μὲν τοῖς ἠδικηκόσιν ὑμᾶς ὑπὲρ τοῦ μὴ ψεύσασθαι τὰ χρήματ’ εἰσφέρειν ἠθελήσατε, νῦν δ’ ἐξὸν ὑμῖν ἄνευ δαπάνης τὰ δίκαια ποιῆσαι τοῖς εὐεργέταις, λύσασι τὸν νόμον, ψεύδεσθαι μᾶλλον αἱρήσεσθε;";ἔξεστι;35
Demosthenes (0014);Against Meidias (021);3.1;οὕτω δὲ τούτων ἐχόντων, ὅσα μὲν παρ’ ἐμοῦ προσῆκε φυλαχθῆναι, πάντα δικαίως ὑμῖν τετήρηται, καὶ κατηγορήσων, ἐπειδή τις εἰσάγει, πάρειμι, ὡς ὁρᾶτε, πολλὰ μέν, ὦ ἄνδρες Ἀθηναῖοι, χρήματα, ἐξόν μοι λαβεῖν ὥστε μὴ κατηγορεῖν, οὐ λαβών, πολλὰς δὲ δεήσεις καὶ χάριτας καὶ νὴ Δί’ ἀπειλὰς ὑπομείνας.;ἔξεστι;4
Demosthenes (0014);Against Meidias (021);149.6;ἡ μὲν γὰρ ἀπέδοτ’ εὐθὺς γενόμενον, ἡ δ’ ἐξὸν αὐτῇ βελτίω πρίασθαι τῆς αὐτῆς τιμῆς τοῦτον ἠγόρασεν.;ἔξεστι;461
Demosthenes (0014);Against Onetor 1 (030);33.6;"καίτοι τῷ πιστόν, ὡς τότε μέν, ἵνα μὴ χηρεύσειεν, παρ’ ἀνδρὸς ὡς ἄνδρ’ ἐβάδιζεν, νῦν δ’, εἴπερ ὡς ἀληθῶς ἀπολέλοιπεν, τοσοῦτον ἂν χρόνον χηρεύουσ’ ἠνείχετ’ ἐξὸν ἄλλῳ συνοικεῖν, τοῦ τ’ ἀδελφοῦ κεκτημένου τοσαύτην οὐσίαν, αὐτή τε ταύτην ἔχουσα τὴν ἡλικίαν;";ἔξεστι;86
Demosthenes (0014);Against Phormio (034);25.6;"ἐξὸν δ’ αὐτῷ ἀμφοτερόπλουν Ἀθήνησιν ἀποδοῦναι τὸ ἀργύριον, ἐν Βοσπόρῳ ἀπέδωκε, τρισὶ καὶ δέκα μναῖς πλέον;";ἔξεστι;79
Demosthenes (0014);Against Theocrines (058);2.1;καὶ γὰρ ὁ πατήρ, ὦ ἄνδρες δικασταί, ᾧπερ πάντα πειθόμενος πεποίηκα, πρὸς ἅπαντας ὠδύρετο τοὺς γνωρίμους, εἰ παραλιπὼν ἐγὼ τὸν καιρὸν ἐν ᾧ διὰ τὸ τὸν πατέρα ζῆν ἔξεστί μοι τοῦτον ἀμύνασθαι, τὴν ἀπειρίαν καὶ τὴν ἡλικίαν προφασιζόμενος αὐτὸν μὲν περιόψομαι πάντων ἀπεστερημένον, Θεοκρίνην δὲ παρὰ τοὺς νόμους γραφὰς γραφόμενον καὶ συκοφαντοῦντα πολλοὺς τῶν πολιτῶν, οὐκ ἐξὸν αὐτῷ.;ἔξεστι;2
Demosthenes (0014);Against Theocrines (058);12.5;"τίς γὰρ ἂν παρεὶς τὸ δικαίως πράττοντα λαβεῖν τὸ μέρος τῶν χρημάτων κατὰ τὸν νόμον, διαλυσάμενος ἐβουλήθη μικρὰ κερδᾶναι καὶ τούτοις ἔνοχον αὑτὸν καταστῆσαι τοῖς νόμοις, ἐξόν, ὅπερ ἀρτίως εἶπον, τὰ ἡμίσεα τῶν φανθέντων λαβεῖν;";ἔξεστι;32
Demosthenes (0014);Apollodorus Against Callipus (052);32.3;δέομαι δὲ ὑμῶν αὐτός τε ὑπὲρ ἐμαυτοῦ καὶ ὑπὲρ τοῦ πατρός, ἀναμνησθέντας ὅτι πάντων μὲν ὑμῖν καὶ μάρτυρας καὶ τεκμήρια καὶ νόμους καὶ πίστεις παρεσχόμην ὧν εἴρηκα, τούτῳ δὲ ἐπιδείκνυμι ὅτι ἐξόν, εἴπερ τι αὐτῷ προσῆκεν τοῦ ἀργυρίου, ἐπὶ τὸν Κηφισιάδην βαδίζειν τὸν ὁμολογοῦντα κεκομίσθαι καὶ ἔχειν τὸ ἀργύριον, καὶ ταῦτα μηδὲν ἧττον τὰ πιστὰ παρ’ ἡμῶν λαβόντα, οὐκ ἔρχεται, εἰδὼς ὅτι οὐκ ἔστιν παρ’ ἡμῖν τὸ ἀργύριον, δέομαι ὑμῶν ἀποψηφίσασθαί μου.;ἔξεστι;81
Demosthenes (0014);On The Trierarchic Crown (051);19.1;εἶθ’ ὥσπερ οὐχὶ πολιτείας κοινῆς μετέχοντες καὶ διὰ ταῦτα τῷ βουλομένῳ λέγειν ἐξόν, ἀλλ’ ἱερωσύνην ἰδίαν αὐτοί τινα ταύτην ἔχοντες, ἐὰν ὑπὲρ τῶν δικαίων ἐν ὑμῖν τις εἴπῃ, δεινὰ πάσχουσιν καὶ θρασὺν εἶναί φασιν.;ἔξεστι;60
Demosthenes (0014);On the Crown (018);29.4;ταῦτα γράψαντος ἐμοῦ τότε καὶ τὸ τῇ πόλει συμφέρον οὐ τὸ Φιλίππῳ ζητοῦντος, βραχὺ φροντίσαντες οἱ χρηστοὶ πρέσβεις οὗτοι καθῆντ’ ἐν Μακεδονίᾳ τρεῖς ὅλους μῆνας, ἕως ἦλθε Φίλιππος ἐκ Θρᾴκης πάντα καταστρεψάμενος, ἐξὸν ἡμερῶν δέκα, ὁμοίως δὲ τριῶν ἢ τεττάρων, εἰς τὸν Ἑλλήσποντον ἀφῖχθαι καὶ τὰ χωρία σῶσαι, λαβόντας τοὺς ὅρκους πρὶν ἐκεῖνον ἐξελεῖν αὐτά·;ἔξεστι;88
Demosthenes (0014);On the False Embassy (019);115.1;"ἔστιν οὖν οὕτω τις ἀνθρώπων ἀνόητος ἢ κακοδαίμων, ὥσθ’ ἵνα λαμβάνῃ μὲν Φιλοκράτης, ἀδοξῇ δ’ αὐτὸς καὶ κινδυνεύῃ, ἐξὸν αὐτῷ μετὰ τῶν μηδὲν ἠδικηκότων ἐξετάζεσθαι, τούτοις μὲν πολεμεῖν, πρὸς δ’ ἐκεῖνον ἐλθὼν κρίνεσθαι βούλεται;";ἔξεστι;387
Demosthenes (0014);Philip's Letter (012);18.1;πάντων δέ μοι δοκεῖ παραλογώτατον εἶναι, διότι πέμψαντος ἐμοῦ πρέσβεις ἀπὸ τῆς συμμαχίας πάσης, ἵν’ ὦσι μάρτυρες, καὶ βουλομένου ποιήσασθαι πρὸς ὑμᾶς δικαίας ὁμολογίας ὑπὲρ τῶν Ἑλλήνων, οὐδὲ τοὺς περὶ τούτων λόγους ἐδέξασθε παρὰ τῶν πρεσβευόντων, ἐξὸν ὑμῖν ἢ τῶν κινδύνων ἀπαλλάξαι τοὺς δυσχερὲς ὑποπτεύοντάς τι καθ’ ἡμῶν, ἢ φανερῶς ἐξελέγξαι με φαυλότατον ὄντα τῶν ἁπάντων.;ἔξεστι;51
Demosthenes (0014);Second Olynthiac (002);24.1;ἀλλ’ ἐκεῖνο θαυμάζω, εἰ Λακεδαιμονίοις μέν ποτ’, ὦ ἄνδρες Ἀθηναῖοι, ὑπὲρ τῶν Ἑλληνικῶν δικαίων ἀντήρατε, καὶ πόλλ’ ἰδίᾳ πλεονεκτῆσαι πολλάκις ὑμῖν ἐξὸν οὐκ ἠθελήσατε, ἀλλ’ ἵν’ οἱ ἄλλοι τύχωσι τῶν δικαίων, τὰ ὑμέτερ’ αὐτῶν ἀνηλίσκετ’ εἰσφέροντες καὶ προυκινδυνεύετε στρατευόμενοι, νυνὶ δ’ ὀκνεῖτ’ ἐξιέναι καὶ μέλλετ’ εἰσφέρειν ὑπὲρ τῶν ὑμετέρων αὐτῶν κτημάτων, καὶ τοὺς μὲν ἄλλους σεσώκατε πολλάκις πάντας καὶ καθ’ ἕν’ αὐτῶν ἐν μέρει, τὰ δ’ ὑμέτερ’ αὐτῶν ἀπολωλεκότες κάθησθε.;ἔξεστι;64
Demosthenes (0014);Second Philippic (006);10.5;εὑρίσκει γάρ, οἶμαι, καὶ ἀκούει τοὺς μὲν ὑμετέρους προγόνους, ἐξὸν αὐτοῖς τῶν λοιπῶν ἄρχειν Ἑλλήνων ὥστ’ αὐτοὺς ὑπακούειν βασιλεῖ, οὐ μόνον οὐκ ἀνασχομένους τὸν λόγον τοῦτον, ἡνίκ’ ἦλθεν Ἀλέξανδρος ὁ τούτων πρόγονος περὶ τούτων κῆρυξ, ἀλλὰ καὶ τὴν χώραν ἐκλιπεῖν προελομένους καὶ παθεῖν ὁτιοῦν ὑπομείναντας, καὶ μετὰ ταῦτα πράξαντας ταῦθ’ ἃ πάντες ἀεὶ γλίχονται λέγειν, ἀξίως δ’ οὐδεὶς εἰπεῖν δεδύνηται, διόπερ κἀγὼ παραλείψω, δικαίως (ἔστι γὰρ μείζω τἀκείνων ἔργα ἢ ὡς τῷ λόγῳ τις ἂν εἴποι) τοὺς δὲ Θηβαίων καὶ Ἀργείων προγόνους τοὺς μὲν συστρατεύσαντας τῷ βαρβάρῳ, τοὺς δ’ οὐκ ἐναντιωθέντας.;ἔξεστι;24
Demosthenes (0014);Third Olynthiac (003);9.1;ἀλλὰ μὴν εἴ τις ὑμῶν εἰς τοῦτ’ ἀναβάλλεται ποιήσειν τὰ δέοντα, ἰδεῖν ἐγγύθεν βούλεται τὰ δεινά, ἐξὸν ἀκούειν ἄλλοθι γιγνόμενα, καὶ βοηθοὺς ἑαυτῷ ζητεῖν, ἐξὸν νῦν ἑτέροις αὐτὸν βοηθεῖν·;ἔξεστι;35
Demosthenes (0014);Third Olynthiac (003);27.4;οἷς—τὰ μὲν ἄλλα σιωπῶ, πόλλ’ ἂν ἔχων εἰπεῖν, ἀλλ’ ὅσης ἅπαντες ὁρᾶτ’ ἐρημίας ἐπειλημμένοι, Λακεδαιμονίων μὲν ἀπολωλότων, Θηβαίων δ’ ἀσχόλων ὄντων, τῶν δ’ ἄλλων οὐδενὸς ὄντος ἀξιόχρεω περὶ τῶν πρωτείων ἡμῖν ἀντιτάξασθαι, ἐξὸν δ’ ἡμῖν καὶ τὰ ἡμέτερ’ αὐτῶν ἀσφαλῶς ἔχειν καὶ τὰ τῶν ἄλλων δίκαια βραβεύειν, ἀπεστερήμεθα μὲν χώρας οἰκείας, πλείω δ’ ἢ χίλια καὶ πεντακόσια τάλαντ’ ἀνηλώκαμεν εἰς οὐδὲν δέον, οὓς δ’ ἐν τῷ πολέμῳ συμμάχους ἐκτησάμεθα, εἰρήνης οὔσης ἀπολωλέκασιν οὗτοι, ἐχθρὸν δ’ ἐφ’ ἡμᾶς αὐτοὺς τηλικοῦτον ἠσκήκαμεν.;ἔξεστι;104
Dinarchus (0029);Against Aristogiton (005);13.1;"οὐ τὸ τελευταῖον οὗτος ἐνδειχθεὶς ὑπὸ Λυκούργου, καὶ ἐξελεγχθεὶς ὀφείλων τῷ δημοσίῳ λέγειν οὐκ ἐξὸν αὐτῷ, καὶ παραδοθεὶς τοῖς ἕνδεκα κατὰ τοὺς νόμους, περιπατῶν ἔμπροσθεν τῶν δικαστηρίων καὶ εἰς τὴν προεδρίαν τῶν πρυτάνεων ἐκάθιζεν;";ἔξεστι;32
Euripides (0006);Helen (047);1155-1156;ᾇ Πριαμίδος γᾶς ἔλαχον θαλάμους, ἐξὸν διορθῶσαι λόγοις σὰν ἔριν, ὦ Ἑλένα.;ἔξεστι;759
Isaeus (0017);On The Estate Of Pyrrhus (003);46.1;"εἰσήγγειλας πρὸς τὸν ἄρχοντα κακοῦσθαι τὴν ἐπίκληρον ὑπὸ τοῦ εἰσποιήτου οὕτως ὑβριζομένην καὶ ἄκληρον τῶν ἑαυτῆς πατρῴων καθισταμένην, ἄλλως τε καὶ μόνων τούτων τῶν δικῶν ἀκινδύνων τοῖς διώκουσιν οὐσῶν καὶ ἐξὸν τῷ βουλομένῳ βοηθεῖν ταῖς ἐπικλήροις;";ἔξεστι;121
Isaeus (0017);On The Estate Of Pyrrhus (003);73.1;"καὶ τί αὐτὸν ἔδει καταφανῶς καὶ ὁτῳοῦν ἀπέχθεσθαι τῶν οἰκείων, ἐξόν, εἴπερ ἦν ἠγγυημένος τὴν ἀδελφὴν τὴν Νικοδήμου, τὴν θυγατέρα τὴν ἐκ ταύτης ἀποφανθεῖσαν εἶναι εἰς τοὺς φράτορας εἰσαγαγόντι ὡς οὖσαν γνησίαν ἑαυτῷ, ἐπὶ ἅπαντι τῷ κλήρῳ ἐπίδικον καταλιπεῖν αὐτήν, καὶ ἐπισκῆψαι τῶν γιγνομένων λτἐκγτ τῆς θυγατρὸς παίδων εἰσαγαγεῖν ὑὸν ἑαυτῷ;";ἔξεστι;206
Isaeus (0017);On the Estate of Philoctemon (006);3.3;λαχόντος δὲ τοῦ Χαιρεστράτου κατὰ τὸν νόμον τοῦ κλήρου, ἐξὸν ἀμφισβητῆσαι Ἀθηναίων τῷ βουλομένῳ καὶ εὐθυδικίᾳ εἰσελθόντι εἰς ὑμᾶς, εἰ φαίνοιτο δικαιότερα λέγων, ἔχειν τὸν κλῆρον, διεμαρτύρησεν Ἀνδροκλῆς οὑτοσὶ μὴ ἐπίδικον εἶναι τὸν κλῆρον, ἀποστερῶν τοῦτον τῆς ἀμφισβητήσεως καὶ ὑμᾶς τοῦ κυρίους γενέσθαι ὅντινα δεῖ κληρονόμον καταστήσασθαι τῶν Φιλοκτήμονος·;ἔξεστι;11
Isaeus (0017);On the Estate of Philoctemon (006);8.2;ὡς δ’ ἐξὸν αὐτῷ ταῦτ’ ἔπραξεν, ὅθεν δικαιότατα ἡγοῦμαι τὰ τοιαῦτ’ εἶναι μανθάνειν, τοῦτον ὑμῖν αὐτὸν παρέξομαι τὸν νόμον.;ἔξεστι;23
Isaeus (0017);On the Estate of Philoctemon (006);52.2;τουτὶ γὰρ αὐτοῖς ἡ διαμαρτυρία δύναται, ἵν’ ὁ κίνδυνος τοῖσδε μὲν ᾖ περὶ πάντων, οὗτοι δὲ κἂν νῦν διαμάρτωσι τοῦ ἀγῶνος, δόξῃ δὲ ὁ κλῆρος ἐπίδικος εἶναι, ἀντιγραψάμενοι δὶς περὶ τῶν αὐτῶν ἀγωνίζωνται, καίτοι εἰ μὲν διέθετο Φιλοκτήμων μὴ ἐξὸν αὐτῷ, τοῦτ’ αὐτὸ ἐχρῆν διαμαρτυρεῖν, ὡς οὐ κύριος ἦν ὑὸν τόνδε ποιήσασθαι·;ἔξεστι;140
Isocrates (0010);Antidosis (019);34.1;οὐ γὰρ δὴ τοῦτό γ’ ἐστὶν οὔτ’ εἰκὸς οὔτε δυνατόν, ἐμὲ μὲν περὶ πολλοὺς ἡμαρτηκέναι, τοὺς δὲ ταῖς συμφοραῖς δι’ ἐμὲ περιπεπτωκότας ἡσυχίαν ἔχειν καὶ μὴ τολμᾶν ἐγκαλεῖν, ἀλλὰ πραοτέρους ἐν τοῖς ἐμοῖς εἶναι κινδύνοις τῶν μηδὲν ἠδικημένων, ἐξὸν αὐτοῖς δηλώσασιν ἃ πεπόνθασι τὴν μεγίστην παρ’ ἐμοῦ λαβεῖν τιμωρίαν.;ἔξεστι;68
Isocrates (0010);Antidosis (019);56.1;καὶ γὰρ ἂν πάντων εἴην καταγελαστότατος, εἰ τοῦ κατηγόρου διαβάλλοντος ὅτι τοιούτους γράφω λόγους οἳ καὶ τὴν πόλιν βλάπτουσι καὶ τοὺς νεωτέρους διαφθείρουσι, δι’ ἑτέρων ποιοίμην τὴν ἀπολογίαν, ἐξὸν αὐτοὺς δείξαντι τούτους ἀπολύσασθαι τὴν διαβολὴν τὴν λεγομένην περὶ ἡμῶν.;ἔξεστι;118
Isocrates (0010);Antidosis (019);225.5;"ἔτι δὲ τίνες ἂν ὑπὲρ πονηρίας ἀργύριον ἀναλώσαιεν, ἐξὸν αὐτοῖς μηδὲν δαπανηθεῖσιν εἶναι τοιούτοις, ὁπόταν βουληθῶσιν;";ἔξεστι;464
Isocrates (0010);Antidosis (019);289.1;οἵτινες ἐν ταύταις μὲν ταῖς ἀκμαῖς ὄντες ὑπερεῖδον τὰς ἡδονάς, ἐν αἷς οἱ πλεῖστοι τῶν τηλικούτων μάλιστ’ αὐτῶν ἐπιθυμοῦσιν, ἐξὸν δ’ αὐτοῖς ῥᾳθυμεῖν μηδὲν δαπανωμένοις εἵλοντο πονεῖν χρήματα τελέσαντες, ἄρτι δ’ ἐκ παίδων ἐξεληλυθότες ἔγνωσαν ἃ πολλοὶ τῶν πρεσβυτέρων οὐκ ἴσασιν, ὅτι δεῖ τὸν ὀρθῶς καὶ πρεπόντως προεστῶτα τῆς ἡλικίας καὶ καλὴν ἀρχὴν τοῦ βίου ποιούμενον αὑτοῦ πρότερον ἢ τῶν αὑτοῦ ποιήσασθαι τὴν ἐπιμέλειαν, καὶ μὴ σπεύδειν μηδὲ ζητεῖν ἑτέρων ἄρχειν πρὶν ἂν τῆς αὑτοῦ διανοίας λάβῃ τὸν ἐπιστατήσοντα, μηδ’ οὕτω χαίρειν μηδὲ μέγα φρονεῖν ἐπὶ τοῖς ἄλλοις ἀγαθοῖς ὡς ἐπὶ τοῖς ἐν τῇ ψυχῇ διὰ τὴν παιδείαν ἐγγιγνομένοις.;ἔξεστι;573
Isocrates (0010);Helen (009);9.1;ἐμοὶ δὲ δοκεῖ πάντων εἶναι καταγελαστότατον τὸ διὰ τούτων τῶν λόγων ζητεῖν πείθειν ὡς περὶ τῶν πολιτικῶν ἐπιστήμην ἔχουσιν, ἐξὸν ἐν αὐτοῖς οἷς ἐπαγγέλλονται τὴν ἐπίδειξιν ποιεῖσθαι·;ἔξεστι;17
Isocrates (0010);Helen (009);39.5;ἐξὸν γὰρ αὐτοῖς λαμβάνειν ἐν ταῖς αὑτῶν πόλεσι γυναῖκας τὰς πρωτευούσας, ὑπεριδόντες τοὺς οἴκοι γάμους ἦλθον ἐκείνην μνηστεύσοντες.;ἔξεστι;73
Isocrates (0010);Helen (009);50.1;ἐξὸν δὲ τοῖς μὲν ἀποδοῦσιν Ἑλένην ἀπηλλάχθαι τῶν παρόντων κακῶν, τοῖς δ’ ἀμελήσασιν ἐκείνης ἀδεῶς οἰκεῖν τὸν ἐπίλοιπον χρόνον, οὐδέτεροι ταῦτ’ ἠθέλησαν·;ἔξεστι;90
Isocrates (0010);Letter 2 (027);11.1;μηδὲ ποιεῖσθαι πολέμους ἀδόξους καὶ χαλεπούς, ἐξὸν ἐντίμους καὶ ῥᾳδίους, μηδ’ ἐξ ὧν τοὺς μὲν οἰκειοτάτους εἰς λύπας καὶ φροντίδας καταστήσεις, τοὺς δ’ ἐχθροὺς ἐν ἐλπίσι μεγάλαις ποιήσεις, οἵας καὶ νῦν αὐτοῖς παρέσχες·;ἔξεστι;18
Isocrates (0010);Panegyricus (011);92.5;ἀθύμως γὰρ ἁπάντων τῶν συμμάχων διακειμένων, καὶ Πελοποννησίων μὲν διατειχιζόντων τὸν Ἰσθμὸν καὶ ζητούντων ἰδίαν αὑτοῖς σωτηρίαν, τῶν δ’ ἄλλων πόλεων ὑπὸ τοῖς βαρβάροις γεγενημένων καὶ συστρατευομένων ἐκείνοις, πλὴν εἴ τις διὰ μικρότητα παρημελήθη, προσπλεουσῶν δὲ τριήρων διακοσίων καὶ χιλίων καὶ πεζῆς στρατιᾶς ἀναριθμήτου μελλούσης εἰς τὴν Ἀττικὴν εἰσβάλλειν, οὐδεμιᾶς σωτηρίας αὐτοῖς ὑποφαινομένης, ἀλλ’ ἔρημοι συμμάχων γεγενημένοι καὶ τῶν ἐλπίδων ἁπασῶν διημαρτηκότες, ἐξὸν αὐτοῖς μὴ μόνον τοὺς παρόντας κινδύνους διαφυγεῖν ἀλλὰ καὶ τιμὰς ἐξαιρέτους λαβεῖν, ἃς αὐτοῖς ἐδίδου βασιλεὺς ἡγούμενος, εἰ τὸ τῆς πόλεως προσλάβοι ναυτικόν, παραχρῆμα καὶ Πελοποννήσου κρατήσειν, οὐχ ὑπέμειναν τὰς παρ’ ἐκείνου δωρεάς, οὐδ’ ὀργισθέντες τοῖς Ἕλλησιν ὅτι προὐδόθησαν ἀσμένως ἐπὶ τὰς διαλλαγὰς τὰς πρὸς τοὺς βαρβάρους ὥρμησαν, ἀλλ’ αὐτοὶ μὲν ὑπὲρ τῆς ἐλευθερίας πολεμεῖν παρεσκευάζοντο, τοῖς δ’ ἄλλοις τὴν δουλείαν αἱρουμένοις συγγνώμην εἶχον.;ἔξεστι;156
Isocrates (0010);Panegyricus (011);131.1;ἐπεὶ καὶ τοῦτ’ ἔχομεν αὐτοῖς ἐπιτιμᾶν, ὅτι τῇ μὲν αὑτῶν πόλει τοὺς ὁμόρους εἱλωτεύειν ἀναγκάζουσι, τῷ δὲ κοινῷ τῷ τῶν συμμάχων οὐδὲν τοιοῦτον κατασκευάζουσιν, ἐξὸν αὐτοῖς τὰ πρὸς ἡμᾶς διαλυσαμένοις ἅπαντας τοὺς βαρβάρους περιοίκους ὅλης τῆς Ἑλλάδος καταστῆσαι.;ἔξεστι;225
Isocrates (0010);Panegyricus (011);164.3;ἐκεῖνοι γὰρ ὑστερίσαντες τῶν βαρβάρων καὶ προέμενοί τινας τῶν συμμάχων ἠναγκάσθησαν ὀλίγοι πρὸς πολλοὺς κινδυνεύειν, ἐξὸν αὐτοῖς προτέροις διαβᾶσιν εἰς τὴν ἤπειρον μετὰ πάσης τῆς τῶν Ἑλλήνων δυνάμεως ἐν μέρει τῶν ἐθνῶν ἕκαστον χειροῦσθαι.;ἔξεστι;297
Isocrates (0010);Panegyricus (011);181.3;καὶ γὰρ αἰσχρὸν ἰδίᾳ μὲν τοῖς βαρβάροις οἰκέταις ἀξιοῦν χρῆσθαι, δημοσίᾳ δὲ τοσούτους τῶν συμμάχων περιορᾶν αὐτοῖς δουλεύοντας, καὶ τοὺς μὲν περὶ τὰ Τρωικὰ γενομένους μιᾶς γυναικὸς ἁρπασθείσης οὕτως ἅπαντας συνοργισθῆναι τοῖς ἀδικηθεῖσιν, ὥστε μὴ πρότερον παύσασθαι πολεμοῦντας πρὶν τὴν πόλιν ἀνάστατον ἐποίησαν τοῦ τολμήσαντος ἐξαμαρτεῖν, ἡμᾶς δ’ ὅλης τῆς Ἑλλάδος ὑβριζομένης μηδεμίαν ποιήσασθαι κοινὴν τιμωρίαν, ἐξὸν ἡμῖν εὐχῆς ἄξια διαπράξασθαι.;ἔξεστι;337
Isocrates (0010);To Philip (020);14.1;ἀλλὰ τοὺς μὲν ἄλλους ἑώρων τοὺς ἐνδόξους τῶν ἀνδρῶν ὑπὸ πόλεσι καὶ νόμοις οἰκοῦντας, καὶ οὐδὲν ἐξὸν αὐτοῖς ἄλλο πράττειν πλὴν τὸ προσταττόμενον, ἔτι δὲ πολὺ καταδεεστέρους ὄντας τῶν πραγμάτων τῶν ῥηθησομένων, σοὶ δὲ μόνῳ πολλὴν ἐξουσίαν ὑπὸ τῆς τύχης δεδομένην καὶ πρέσβεις πέμπειν πρὸς οὕς τινας ἂν βουληθῇς, καὶ δέχεσθαι παρ’ ὧν ἄν σοι δοκῇ, καὶ λέγειν ὅ τι ἂν ἡγῇ συμφέρειν, πρὸς δὲ τούτοις καὶ πλοῦτον καὶ δύναμιν κεκτημένον ὅσην οὐδεὶς τῶν Ἑλλήνων, ἃ μόνα τῶν ὄντων καὶ πείθειν καὶ βιάζεσθαι πέφυκεν·;ἔξεστι;19
Isocrates (0010);To Philip (020);124.1;ἐπεὶ νῦν γε τίς οὐκ ἂν εἰκότως τὰ συμβεβηκότα θαυμάσειε καὶ καταφρονήσειεν ἡμῶν, ὅπου παρὰ μὲν τοῖς βαρβάροις, οὓς ὑπειλήφαμεν μαλακοὺς εἶναι καὶ πολέμων ἀπείρους καὶ διεφθαρμένους ὑπὸ τῆς τρυφῆς, ἄνδρες ἐγγεγόνασιν οἳ τῆς Ἑλλάδος ἄρχειν ἠξίωσαν, τῶν δ’ Ἑλλήνων οὐδεὶς τοσοῦτον πεφρόνηκεν ὥστ’ ἐπιχειρῆσαι τῆς Ἀσίας ἡμᾶς ποιῆσαι κυρίους, ἀλλὰ τοσοῦτον αὐτῶν ἀπολελειμμένοι τυγχάνομεν, ὥστ’ ἐκεῖνοι μὲν οὐκ ὤκνησαν οὐδὲ προϋπάρξαι τῆς ἔχθρας τῆς πρὸς τοὺς Ἕλληνας, ἡμεῖς δ’ οὐδ’ ὑπὲρ ὧν κακῶς ἐπάθομεν ἀμύνεσθαι τολμῶμεν αὐτούς, ἀλλ’ ὁμολογούντων ἐκείνων ἐν ἅπασι τοῖς πολέμοις μήτε στρατιώτας ἔχειν μήτε στρατηγοὺς μήτ’ ἄλλο μηδὲν τῶν εἰς τοὺς κινδύνους χρησίμων, ἀλλὰ ταῦτα πάντα παρ’ ἡμῶν μεταπεμπομένων, εἰς τοῦθ’ ἥκομεν ἐπιθυμίας τοῦ κακῶς ἡμᾶς αὐτοὺς ποιεῖν, ὥστ’ ἐξὸν ἡμῖν τἀκείνων ἀδεῶς ἔχειν πρὸς ἡμᾶς τ’ αὐτοὺς περὶ μικρῶν πολεμοῦμεν, καὶ τοὺς ἀφισταμένους τῆς ἀρχῆς τῆς βασιλέως συγκαταστρεφόμεθα, καὶ λελήθαμεν ἡμᾶς αὐτοὺς ἐνίοτε μετὰ τῶν πατρικῶν ἐχθρῶν τοὺς τῆς αὐτῆς συγγενείας μετέχοντας ἀπολλύναι ζητοῦντες.;ἔξεστι;264
Lysias (0540);Against Andocides (006);13.8;ὑμεῖς οὖν μὴ βούλεσθε εἰς ὑμᾶς τὴν αἰτίαν ταύτην περιτρέψαι, ἐξὸν τὸν ἀδικοῦντα κολάσασιν ἀπηλλάχθαι.;ἔξεστι;29
Lysias (0540);Against Nicomachus (030);4.1;καὶ γάρ τοι, ὦ ἄνδρες δικασταί, ἐπειδὴ ἐκείνων δίκην οὐ δέδωκεν, ὁμοίαν καὶ νῦν τὴν ἀρχὴν κατεστήσατο, ὅστις πρῶτον μὲν τέτταρα ἔτη ἀνέγραψεν, ἐξὸν αὐτῷ τριάκοντα ἡμερῶν ἀπαλλαγῆναι·;ἔξεστι;9
Lysias (0540);Against Theomnestus 1 (010);1.2;πολλοὺς γὰρ ὑμῶν ὁρῶ δικάζοντας τῶν τότε παρόντων, ὅτε Λυσίθεος Θεόμνηστον εἰσήγγελλε τὰ ὅπλα ἀποβεβληκότα, οὐκ ἐξὸν αὐτῷ, δημηγορεῖν·;ἔξεστι;2
Lysias (0540);Defense Against a Charge of Subverting the Democracy (025);14.5;καίτοι εἰ μὲν ἐξόν μοι ἄρχειν μὴ ἐβουλόμην, ὑφ’ ὑμῶν νυνὶ τιμᾶσθαι δίκαιός εἰμι·;ἔξεστι;35
Lysias (0540);Defense Against a Charge of Subverting the Democracy (025);18.1;ἡγοῦμαι δέ, ὦ ἄνδρες δικασταί, οὐκ ἂν δικαίως ὑμᾶς μισεῖν τοὺς ἐν τῇ ὀλιγαρχίᾳ μηδὲν πεπονθότας κακόν, ἐξὸν ὀργίζεσθαι τοῖς εἰς τὸ πλῆθος ἐξημαρτηκόσιν, οὐδὲ τοὺς μὴ φυγόντας ἐχθροὺς νομίζειν, ἀλλὰ τοὺς ὑμᾶς ἐκβαλόντας, οὐδὲ τοὺς προθυμουμένους τὰ ἑαυτῶν σῶσαι, ἀλλὰ τοὺς τὰ τῶν ἄλλων ἀφῃρημένους, οὐδὲ οἳ τῆς σφετέρας αὐτῶν σωτηρίας ἕνεκα ἔμειναν ἐν τῷ ἄστει, ἀλλ’ οἵτινες ἑτέρους ἀπολέσαι βουλόμενοι μετέσχον τῶν πραγμάτων.;ἔξεστι;45
Lysias (0540);Defense in the Matter of the Olive Stump (007);27.1;καὶ οὐ λέγω ὡς τότε δυνάμενος ἢ ὡς νῦν διαβεβλημένος, ἀλλ’ ὡς τῷ βουλομένῳ τότε μᾶλλον ἐξὸν ἀδικεῖν ἢ νυνί.;ἔξεστι;67
Lysias (0540);Defense in the Matter of the Olive Stump (007);42.2;ἃ χρὴ μεμνημένους διαγιγνώσκειν περὶ τοῦ πράγματος, καὶ ἀξιοῦν παρὰ τούτου πυθέσθαι ὅτου ἕνεκα, ἐξὸν ἐπ’ αὐτοφώρῳ ἐλέγξαι, τοσούτῳ χρόνῳ ὕστερον εἰς τοσοῦτόν με κατέστησεν ἀγῶνα, καὶ μάρτυρα οὐδένα παρασχόμενος ἐκ τῶν λόγων ζητεῖ πιστὸς γενέσθαι, ἐξὸν αὐτοῖς ἔργοις ἀδικοῦντα ἀποδεῖξαι, καὶ ἐμοῦ ἅπαντας διδόντος τοὺς θεράποντας, οὕς φησι παραγενέσθαι, παραλαβεῖν οὐκ ἤθελεν.;ἔξεστι;95
Lysias (0540);For Polystratus (020);23.1;καὶ ἐξὸν αὐτῷ τὴν οὐσίαν ἀφανῆ καταστήσαντι μηδὲν ὑμᾶς ὠφελεῖν, εἵλετο μᾶλλον συνειδέναι ὑμᾶς, ἵν’ εἰ καὶ βούλοιτο κακὸς εἶναι, μὴ ἐξείη αὐτῷ, ἀλλ’ εἰσφέροι τε τὰς εἰσφορὰς καὶ λῃτουργοίη.;ἔξεστι;69
Lysias (0540);Funeral Oration (002);28.1;ἐξὸν γὰρ αὐτῷ χιλίαις ναυσὶ διαβιβάσαι κατὰ τὸ στενότατον τοῦ Ἑλλησπόντου τὴν πεζὴν στρατιὰν ἐκ τῆς Ἀσίας εἰς τὴν Εὐρώπην, οὐκ ἠθέλησεν, ἡγούμενος τὴν διατριβὴν αὑτῷ πολλὴν ἔσεσθαι·;ἔξεστι;53
Lysias (0540);On A Wound By Premeditation (004);10.1;καὶ φησὶ μὲν δεινῶς ἐπιβουλευθῆναι καὶ πρὸς ἅπανθ’ ἡμῖν ἀμφισβητεῖ, ἐξὸν δ’ ἐκ τῆς ἀνθρώπου βασανισθείσης τὸν ἔλεγχον ποιήσασθαι οὐκ ἠθέλησεν·;ἔξεστι;26
Lysias (0540);On The Refusal Of A Pension (024);25.5;ἀλλὰ μετὰ τοῦ ὑμετέρου πλήθους ἔφυγον εἰς Χαλκίδα καὶ ἐξόν μοι μετ’ ἐκείνων ἀδεῶς πολιτεύεσθαι, μεθ’ ὑμῶν εἱλόμην κινδυνεύειν ἀπελθών.;ἔξεστι;75
Lysias (0540);On the Confiscation of the Property Of The Brother Of Nicias (018);4.1;ἡττημένων γὰρ ἐν τῇ ναυμαχίᾳ στρατηγὸς ὑφ’ ὑμῶν ᾑρημένος καὶ παρακαλούμενος μετέχειν τῆς ὀλιγαρχίας ὑπὸ τῶν ἐπιβουλευόντων τῷ πλήθει, οὐκ ἠθέλησεν αὐτοῖς πείθεσθαι, ἐν τοιούτῳ καιρῷ ληφθεὶς ἐν ᾧ οἱ πλεῖστοι τῶν ἀνθρώπων καὶ μεταβάλλονται πρὸς τὰ παρόντα καὶ ταῖς τύχαις ἐίκουσι, δυστυχοῦντος τοῦ δήμου, οὐκ ἀπελαυνόμενος τῆς πολιτείας οὐδ’ ἰδίας ἔχθρας ὑπαρχούσης πρὸς ἄρξειν μέλλοντας, ἀλλ’ ἐξὸν αὐτῷ καὶ τῶν τριάκοντα γενέσθαι καὶ μηδενὸς ἔλαττον δύνασθαι, μᾶλλον εἵλετο πράττων ὑπὲρ τῆς ὑμετέρας σωτηρίας ἀπολέσθαι ἢ ἐπιδεῖν τὰ τείχη καθαιρούμενα καὶ τὰς ναῦς τοῖς πολεμίοις παραδιδομένας καὶ τὸ ὑμέτερον πλῆθος καταδεδουλωμένον.;ἔξεστι;7
Lysias (0540);On the Murder of Eratosthenes (001);46.1;"ἔπειτα παρακαλέσας αὐτὸς μάρτυρας ἠσέβουν, ἐξόν μοι, εἴπερ ἀδίκως ἐπεθύμουν αὐτὸν ἀπολέσαι, μηδένα μοι τούτων συνειδέναι;";ἔξεστι;125
Lysias (0540);On the Property of Aristophanes (019);16.1;πρὸς δὲ τούτοις ἐμοὶ πολλὴν ἐξὸν πάνυ προῖκα λαβεῖν ἐλάττω συνεβούλευσεν, ὥστε εὖ εἰδέναι ὅτι κηδεσταῖς χρησοίμην κοσμίοις καὶ σώφροσι.;ἔξεστι;34
Lysias (0540);On the Scrutiny of Evandros (026);5.1;πρὸς δὲ τὴν ἡσυχιότητα τὴν τούτου, ὅτι οὐ νῦν δεῖ αὐτὸν ἐξετάζειν εἰ σώφρων ἐστίν, ὅτ’ αὐτὸν οὐκ ἔξεστιν ἀσελγαίνειν, ἀλλ’ ἐκεῖνον τὸν χρόνον σκοπεῖν, ἐν ᾧ ἐξὸν ὁποτέρως ἐβούλετο ζῆν εἵλετο παρανόμως πολιτευθῆναι.;ἔξεστι;11
Plato (0059);Alcibiades 2 (014);138.c.2;ἐξὸν αὐτῷ τῶν παρόντων αὐτῷ κακῶν ἀποτροπήν τινα εὔξασθαι, ἕτερα πρὸς τοῖς ὑπάρχουσιν κατηρᾶτο·;ἔξεστι;10
Plato (0059);Crito (003);45.c.2;ἔτι δέ, ὦ Σώκρατες, οὐδὲ δίκαιόν μοι δοκεῖς ἐπιχειρεῖν πρᾶγμα, σαυτὸν προδοῦναι, ἐξὸν σωθῆναι, καὶ τοιαῦτα σπεύδεις περὶ σαυτὸν γενέσθαι ἅπερ ἂν καὶ οἱ ἐχθροί σου σπεύσαιέν τε καὶ ἔσπευσαν σὲ διαφθεῖραι βουλόμενοι.;ἔξεστι;65
Plato (0059);Crito (003);45.c.8;πρὸς δὲ τούτοις καὶ τοὺς ὑεῖς τοὺς σαυτοῦ ἔμοιγε δοκεῖς προδιδόναι, οὕς σοι ἐξὸν καὶ ἐκθρέψαι καὶ ἐκπαιδεῦσαι οἰχήσῃ καταλιπών, καὶ τὸ σὸν μέρος ὅτι ἂν τύχωσι τοῦτο πράξουσιν·;ἔξεστι;66
Plato (0059);Crito (003);45.d.8;ὡς ἔγωγε καὶ ὑπὲρ σοῦ καὶ ὑπὲρ ἡμῶν τῶν σῶν ἐπιτηδείων αἰσχύνομαι μὴ δόξῃ ἅπαν τὸ πρᾶγμα τὸ περὶ σὲ ἀνανδρίᾳ τινὶ τῇ ἡμετέρᾳ πεπρᾶχθαι, καὶ ἡ εἴσοδος τῆς δίκης εἰς τὸ δικαστήριον ὡς εἰσῆλθεν ἐξὸν μὴ εἰσελθεῖν, καὶ αὐτὸς ὁ ἀγὼν τῆς δίκης ὡς ἐγένετο, καὶ τὸ τελευταῖον δὴ τουτί, ὥσπερ κατάγελως τῆς πράξεως, κακίᾳ τινὶ καὶ ἀνανδρίᾳ τῇ ἡμετέρᾳ διαπεφευγέναι ἡμᾶς δοκεῖν, οἵτινές σε οὐχὶ ἐσώσαμεν οὐδὲ σὺ σαυτόν, οἷόν τε ὂν καὶ δυνατὸν εἴ τι καὶ μικρὸν ἡμῶν ὄφελος ἦν.;ἔξεστι;70
Plato (0059);Epistles (036);317.c.5;καίτοι τήν θ’ ἡλικίαν αὐτοῖς προυτεινόμην καὶ περὶ σοῦ διισχυριζόμην ὡς οὐχ οἷός τ’ ἔσοιο ἀνταρκέσαι τοῖς διαβάλλουσιν ἡμᾶς καὶ βουλομένοις εἰς ἔχθραν ἐλθεῖν—ἑώρων γὰρ καὶ τότε καὶ νῦν ὁρῶ τὰς μεγάλας οὐσίας καὶ ὑπερόγκους τῶν τε ἰδιωτῶν καὶ τῶν μονάρχων σχεδόν, ὅσῳπερ ἂν μείζους ὦσιν, τοσούτῳ πλείους καὶ μείζους τοὺς διαβάλλοντας καὶ πρὸς ἡδονὴν μετὰ αἰσχρᾶς βλάβης ὁμιλοῦντας τρεφούσας, οὗ κακὸν οὐδὲν μεῖζον γεννᾷ πλοῦτός τε καὶ ἡ τῆς ἄλλης ἐξουσίας δύναμις—ὅμως δ’ οὖν πάντα ταῦτα χαίρειν ἐάσας ἦλθον, διανοηθεὶς ὡς οὐδένα δεῖ τῶν ἐμῶν φίλων ἐμὲ αἰτιᾶσθαι ὡς διὰ τὴν ἐμὴν ῥᾳθυμίαν τὰ σφέτερα πάντα ἐξὸν μὴ ἀπολέσθαι διώλετο·;ἔξεστι;137
Plato (0059);Epistles (036);322.a.4;Πλάτων, ὡς ἔοικεν, προσποιεῖται μὲν τὰ δημοκρατίᾳ συμφέροντα εἰδέναι, ἐξὸν δ’ ἐν τῷ δήμῳ λέγειν καὶ συμβουλεύειν αὐτῷ τὰ βέλτιστα οὐ πώποτε ἀναστὰς ἐφθέγξατο, πρὸς ταῦτ’ εἰπεῖν ὅτι Πλάτων ὀψὲ ἐν τῇ πατρίδι γέγονεν καὶ τὸν δῆμον κατέλαβεν ἤδη πρεσβύτερον καὶ εἰθισμένον ὑπὸ τῶν ἔμπροσθεν πολλὰ καὶ ἀνόμοια τῇ ἐκείνου συμβουλῇ πράττειν·;ἔξεστι;202
Plato (0059);Epistles (036);346.b.2;ἀξιῶ ἐκεῖνον ἀπολαβόντα τὰ ἑαυτοῦ οἰκεῖν μὲν ἐν Πελοποννήσῳ, μὴ ὡς φυγάδα δέ, ἀλλ’ ὡς αὐτῷ καὶ δεῦρο ἐξὸν ἀποδημεῖν, ὅταν ἐκείνῳ τε καὶ ἐμοὶ καὶ ὑμῖν τοῖς φίλοις κοινῇ συνδοκῇ·;ἔξεστι;468
Plato (0059);Gorgias (023);492.a.4;"ἐπεὶ ὅσοις ἐξ ἀρχῆς ὑπῆρξεν ἢ βασιλέων ὑέσιν εἶναι ἢ αὐτοὺς τῇ φύσει ἱκανοὺς ἐκπορίσασθαι ἀρχήν τινα ἢ τυραννίδα ἢ δυναστείαν, τί ἂν τῇ ἀληθείᾳ αἴσχιον καὶ κάκιον εἴη σωφροσύνης καὶ δικαιοσύνης τούτοις τοῖς ἀνθρώποις, οἷς ἐξὸν ἀπολαύειν τῶν ἀγαθῶν καὶ μηδενὸς ἐμποδὼν ὄντος, αὐτοὶ ἑαυτοῖς δεσπότην ἐπαγάγοιντο τὸν τῶν πολλῶν ἀνθρώπων νόμον τε καὶ λόγον καὶ ψόγον;";ἔξεστι;1237
Plato (0059);Laws (034);722.b.4;πρὸς τοῦτο δὲ οὐδεὶς ἔοικε διανοηθῆναι πώποτε τῶν νομοθετῶν, ὡς ἐξὸν δυοῖν χρῆσθαι πρὸς τὰς νομοθεσίας, πειθοῖ καὶ βίᾳ, καθ’ ὅσον οἷόν τε ἐπὶ τὸν ἄπειρον παιδείας ὄχλον, τῷ ἑτέρῳ χρῶνται μόνον·;ἔξεστι;1732
Plato (0059);Laws (034);742.c.2;γαμοῦντα δὲ καὶ ἐκδιδόντα μήτ’ οὖν διδόναι μήτε δέχεσθαι προῖκα τὸ παράπαν μηδ’ ἡντινοῦν, μηδὲ νόμισμα παρακατατίθεσθαι ὅτῳ μή τις πιστεύει, μηδὲ δανείζειν ἐπὶ τόκῳ, ὡς ἐξὸν μὴ ἀποδιδόναι τὸ παράπαν τῷ δανεισαμένῳ μήτε τόκον μήτε κεφάλαιον·;ἔξεστι;1964
Plato (0059);Laws (034);858.a.7;γελοίαν, ὦ ξένε, προτιθέμεθα τὴν αἵρεσιν, καὶ ἀτεχνῶς ὥσπερ κατεχομένοις νομοθέταις ὅμοιοι γιγνοίμεθ’ ἂν ὑπὸ μεγάλης τινὸς ἀνάγκης ἤδη νομοθετεῖν, ὡς οὐκέτ’ ἐξὸν εἰς αὔριον·;ἔξεστι;3477
Plato (0059);Laws (034);918.d.4;τὰ δὲ τῶν ἀνθρώπων πλήθη πᾶν τοὐναντίον ἔχει τούτοις, δεόμενά τε ἀμέτρως δεῖται καὶ ἐξὸν κερδαίνειν τὰ μέτρια, ἀπλήστως αἱρεῖται κερδαίνειν, διὸ πάντα τὰ περὶ τὴν καπηλείαν καὶ ἐμπορίαν καὶ πανδοκείαν γένη διαβέβληταί τε καὶ ἐν αἰσχροῖς γέγονεν ὀνείδεσιν.;ἔξεστι;4398
Plato (0059);Menexenus (028);242.c.2;μετὰ δὲ ταῦτα πολλοῦ πολέμου γενομένου, καὶ πάντων τῶν Ἑλλήνων ἐπιστρατευσάντων καὶ τεμόντων τὴν χώραν καὶ ἀναξίαν χάριν ἐκτινόντων τῇ πόλει, νικήσαντες αὐτοὺς ναυμαχίᾳ οἱ ἡμέτεροι καὶ λαβόντες αὐτῶν τοὺς ἡγεμόνας Λακεδαιμονίους ἐν τῇ Σφαγίᾳ, ἐξὸν αὐτοῖς διαφθεῖραι ἐφείσαντο καὶ ἀπέδοσαν καὶ εἰρήνην ἐποιήσαντο, ἡγούμενοι πρὸς μὲν τὸ ὁμόφυλον μέχρι νίκης δεῖν πολεμεῖν, καὶ μὴ δι’ ὀργὴν ἰδίαν πόλεως τὸ κοινὸν τῶν Ἑλλήνων διολλύναι, πρὸς δὲ τοὺς βαρβάρους μέχρι διαφθορᾶς.;ἔξεστι;127
Plato (0059);Menexenus (028);246.d.2;ἡμῖν δὲ ἐξὸν ζῆν μὴ καλῶς, καλῶς αἱρούμεθα μᾶλλον τελευτᾶν, πρὶν ὑμᾶς τε καὶ τοὺς ἔπειτα εἰς ὀνείδη καταστῆσαι καὶ πρὶν τοὺς ἡμετέρους πατέρας καὶ πᾶν τὸ πρόσθεν γένος αἰσχῦναι, ἡγούμενοι τῷ τοὺς αὑτοῦ αἰσχύναντι ἀβίωτον εἶναι, καὶ τῷ τοιούτῳ οὔτε τινὰ ἀνθρώπων οὔτε θεῶν φίλον εἶναι οὔτ’ ἐπὶ γῆς οὔθ’ ὑπὸ γῆς τελευτήσαντι.;ἔξεστι;176
Plato (0059);Phaedrus (012);272.b.7;τούτου τοι ἕνεκα χρὴ πάντας τοὺς λόγους ἄνω καὶ κάτω μεταστρέφοντα ἐπισκοπεῖν εἴ τίς πῃ ῥᾴων καὶ βραχυτέρα φαίνεται ἐπ’ αὐτὴν ὁδός, ἵνα μὴ μάτην πολλὴν ἀπίῃ καὶ τραχεῖαν, ἐξὸν ὀλίγην τε καὶ λείαν.;ἔξεστι;851
Plato (0059);Protagoras (022);352.d.4;οἶσθα οὖν ὅτι οἱ πολλοὶ τῶν ἀνθρώπων ἐμοί τε καὶ σοὶ οὐ πείθονται, ἀλλὰ πολλούς φασι γιγνώσκοντας τὰ βέλτιστα οὐκ ἐθέλειν πράττειν, ἐξὸν αὐτοῖς, ἀλλὰ ἄλλα πράττειν·;ἔξεστι;896
Plato (0059);Protagoras (022);355.a.5;φημὶ γὰρ ὑμῖν τούτου οὕτως ἔχοντος γελοῖον τὸν λόγον γίγνεσθαι, ὅταν λέγητε ὅτι πολλάκις γιγνώσκων τὰ κακὰ ἄνθρωπος ὅτι κακά ἐστιν, ὅμως πράττει αὐτά, ἐξὸν μὴ πράττειν, ὑπὸ τῶν ἡδονῶν ἀγόμενος καὶ ἐκπληττόμενος·;ἔξεστι;957
Plato (0059);Protagoras (022);358.d.2;"ὅταν τε ἀναγκασθῇ δυοῖν κακοῖν τὸ ἕτερον αἱρεῖσθαι, οὐδεὶς τὸ μεῖζον αἱρήσεται ἐξὸν τὸ ἔλαττον;";ἔξεστι;1045
Plato (0059);Republic (030);360.b.3;εἰ οὖν δύο τοιούτω δακτυλίω γενοίσθην, καὶ τὸν μὲν ὁ δίκαιος περιθεῖτο, τὸν δὲ ὁ ἄδικος, οὐδεὶς ἂν γένοιτο, ὡς δόξειεν, οὕτως ἀδαμάντινος, ὃς ἂν μείνειεν ἐν τῇ δικαιοσύνῃ καὶ τολμήσειεν ἀπέχεσθαι τῶν ἀλλοτρίων καὶ μὴ ἅπτεσθαι, ἐξὸν αὐτῷ καὶ ἐκ τῆς ἀγορᾶς ἀδεῶς ὅτι βούλοιτο λαμβάνειν, καὶ εἰσιόντι εἰς τὰς οἰκίας συγγίγνεσθαι ὅτῳ βούλοιτο, καὶ ἀποκτεινύναι καὶ ἐκ δεσμῶν λύειν οὕστινας βούλοιτο, καὶ τἆλλα πράττειν ἐν τοῖς ἀνθρώποις ἰσόθεον ὄντα.;ἔξεστι;902
Plato (0059);Republic (030);465.e.4;"μέμνησαι οὖν, ἦν δ’ ἐγώ, ὅτι ἐν τοῖς πρόσθεν οὐκ οἶδα ὅτου λόγος ἡμῖν ἐπέπληξεν ὅτι τοὺς φύλακας οὐκ εὐδαίμονας ποιοῖμεν, οἷς ἐξὸν πάντα ἔχειν τὰ τῶν πολιτῶν οὐδὲν ἔχοιεν;";ἔξεστι;3186
Plato (0059);Symposium (011);189.a.7;γελωτοποιεῖς μέλλων λέγειν, καὶ φύλακά με τοῦ λόγου ἀναγκάζεις γίγνεσθαι τοῦ σεαυτοῦ, ἐάν τι γελοῖον εἴπῃς, ἐξόν σοι ἐν εἰρήνῃ λέγειν.;ἔξεστι;291
Thucydides (0003);History (001);4.18.4.5;ὃ νῦν ὑμῖν, ὦ Ἀθηναῖοι, καλῶς ἔχει πρὸς ἡμᾶς πρᾶξαι, καὶ μή ποτε ὕστερον, ἢν ἄρα μὴ πειθόμενοι σφαλῆτε, ἃ πολλὰ ἐνδέχεται, νομισθῆναι τύχῃ καὶ τὰ νῦν προχωρήσαντα κρατῆσαι, ἐξὸν ἀκίνδυνον δόκησιν ἰσχύος καὶ ξυνέσεως ἐς τὸ ἔπειτα καταλιπεῖν.;ἔξεστι;2647
Thucydides (0003);History (001);4.65.3.1;ἐλθόντας δὲ τοὺς στρατηγοὺς οἱ ἐν τῇ πόλει Ἀθηναῖοι τοὺς μὲν φυγῇ ἐζημίωσαν, Πυθόδωρον καὶ Σοφοκλέα, τὸν δὲ τρίτον Εὐρυμέδοντα χρήματα ἐπράξαντο, ὡς ἐξὸν αὐτοῖς τὰ ἐν Σικελίᾳ καταστρέψασθαι δώροις πεισθέντες ἀποχωρήσειαν.;ἔξεστι;2944
Thucydides (0003);History (001);8.48.4.8;τῷ βασιλεῖ τε οὐκ εὔπορον εἶναι καὶ Πελοποννησίων ἤδη ὁμοίως ἐν τῇ θαλάσσῃ ὄντων καὶ πόλεις ἐχόντων ἐν τῇ αὐτοῦ ἀρχῇ οὐ τὰς ἐλαχίστας, Ἀθηναίοις προσθέμενον, οἷς οὐ πιστεύει, πράγματα ἔχειν, ἐξὸν Πελοποννησίους, ὑφ’ ὧν κακὸν οὐδέν πω πέπονθε, φίλους ποιήσασθαι.;ἔξεστι;5670
Xenophon (0032);Agesilaus (009);2.12.3;ἐξὸν γὰρ αὐτῷ παρέντι τοὺς διαπίπτοντας ἑπομένῳ χειροῦσθαι τοὺς ὄπισθεν οὐκ ἐποίησε τοῦτο, ἀλλ’ ἀντιμέτωπος συνέρραξε τοῖς Θηβαίοις.;ἔξεστι;135
Xenophon (0032);Anabasis (006);2.6.6.1;ταῦτα οὖν φιλοπολέμου μοι δοκεῖ ἀνδρὸς ἔργα εἶναι, ὅστις ἐξὸν μὲν εἰρήνην ἄγειν ἄνευ αἰσχύνης καὶ βλάβης αἱρεῖται πολεμεῖν, ἐξὸν δὲ ῥᾳθυμεῖν βούλεται πονεῖν ὥστε πολεμεῖν, ἐξὸν δὲ χρήματα ἔχειν ἀκινδύνως αἱρεῖται πολεμῶν μείονα ταῦτα ποιεῖν·;ἔξεστι;1008
Xenophon (0032);Anabasis (006);3.2.26.1;δοκεῖ οὖν μοι εἰκὸς καὶ δίκαιον εἶναι πρῶτον εἰς τὴν Ἑλλάδα καὶ πρὸς τοὺς οἰκείους πειρᾶσθαι ἀφικνεῖσθαι καὶ ἐπιδεῖξαι τοῖς Ἕλλησιν ὅτι ἑκόντες πένονται, ἐξὸν αὐτοῖς τοὺς νῦν σκληρῶς ἐκεῖ πολιτεύοντας ἐνθάδε κομισαμένους πλουσίους ὁρᾶν.;ἔξεστι;1230
Xenophon (0032);Anabasis (006);4.6.13.1;καὶ κλέψαι δ’ οὐκ ἀδύνατόν μοι δοκεῖ εἶναι, ἐξὸν μὲν νυκτὸς ἰέναι, ὡς μὴ ὁρᾶσθαι, ἐξὸν δ’ ἀπελθεῖν τοσοῦτον ὡς μὴ αἴσθησιν παρέχειν.;ἔξεστι;1855
Xenophon (0032);Anabasis (006);5.6.3.1;ἀναστὰς δὲ Ἑκατώνυμος πρῶτον μὲν ἀπελογήσατο περὶ οὗ εἶπεν ὡς τὸν Παφλαγόνα φίλον ποιήσοιντο, ὅτι οὐχ ὡς τοῖς Ἕλλησι πολεμησόντων σφῶν εἴποι, ἀλλ’ ὅτι ἐξὸν τοῖς βαρβάροις φίλους εἶναι τοὺς Ἕλληνας αἱρήσονται.;ἔξεστι;2329
Xenophon (0032);Cyropaedia (007);7.1.42.5;τά τε ὅπλα παραδόντες φίλοι τε γενόμενοι τοῖς αἱρουμένοις ὑμᾶς σῶσαι, ἐξὸν ἀπολέσαι.;ἔξεστι;3639
Xenophon (0032);Cyropaedia (007);8.2.15.1;καλὸν δ’ ἐπίδειγμα καὶ τοῦτο λέγεται Κῦρος ἐπιδεῖξαι Κροίσῳ, ὅτε ἐνουθέτει αὐτὸν ὡς διὰ τὸ πολλὰ διδόναι πένης ἔσοιτο, ἐξὸν αὐτῷ θησαυροὺς χρυσοῦ πλείστους ἑνί γε ἀνδρὶ ἐν τῷ οἴκῳ καταθέσθαι·;ἔξεστι;4256
Xenophon (0032);Economics (003);2.7.1;πρὸς δὲ τούτοις ὁρῶ σε οἰόμενον πλουτεῖν, καὶ ἀμελῶς μὲν ἔχοντα πρὸς τὸ μηχανᾶσθαι χρήματα, παιδικοῖς δὲ πράγμασι προσέχοντα τὸν νοῦν, ὥσπερ ἐξόν σοι.;ἔξεστι;93
Xenophon (0032);Hellenica (001);2.3.21.1;τούτων δὲ γενομένων, ὡς ἐξὸν ἤδη ποιεῖν αὐτοῖς ὅ τι βούλοιντο, πολλοὺς μὲν ἔχθρας ἕνεκα ἀπέκτεινον, πολλοὺς δὲ χρημάτων.;ἔξεστι;532
Xenophon (0032);Hellenica (001);2.3.42.1;οὐδέ γε τὸ φρουροὺς μισθοῦσθαι συνήρεσκέ μοι, ἐξὸν αὐτῶν τῶν πολιτῶν τοσούτους προσλαμβάνειν, ἕως ῥᾳδίως ἐμέλλομεν οἱ ἄρχοντες τῶν ἀρχομένων κρατήσειν.;ἔξεστι;589
Xenophon (0032);Hellenica (001);2.4.1.1;οἱ δὲ τριάκοντα, ὡς ἐξὸν ἤδη αὐτοῖς τυραννεῖν ἀδεῶς, προεῖπον μὲν τοῖς ἔξω τοῦ καταλόγου μὴ εἰσιέναι εἰς τὸ ἄστυ, ἦγον δὲ ἐκ τῶν χωρίων, ἵν’ αὐτοὶ καὶ οἱ φίλοι τοὺς τούτων ἀγροὺς ἔχοιεν.;ἔξεστι;635
Xenophon (0032);Hellenica (001);2.4.22.1;ἐξὸν δ’ ἡμῖν ἐν εἰρήνῃ πολιτεύεσθαι, οὗτοι τὸν πάντων αἴσχιστόν τε καὶ χαλεπώτατον καὶ ἀνοσιώτατον καὶ ἔχθιστον καὶ θεοῖς καὶ ἀνθρώποις πόλεμον ἡμῖν πρὸς ἀλλήλους παρέχουσιν.;ἔξεστι;705
Xenophon (0032);Hellenica (001);4.3.19.3;ἐξὸν γὰρ αὐτῷ παρέντι τοὺς διαπίπτοντας ἀκολουθοῦντι χειροῦσθαι τοὺς ὄπισθεν, οὐκ ἐποίησε τοῦτο, ἀλλ’ ἀντιμέτωπος συνέρραξε τοῖς Θηβαίοις·;ἔξεστι;1473
Xenophon (0032);Hellenica (001);7.1.17.1;ὡς δὲ οἱ σωθέντες ἐκ τοῦ πράγματος ἀπέφυγον ἐπὶ τὸν ἐγγύτατα λόφον, ἐξὸν τῷ Λακεδαιμονίων πολεμάρχῳ λαβόντι ὁπόσους μὲν ἐβούλετο τῶν συμμάχων ὁπλίτας, ὁπόσους δὲ πελταστάς, κατέχειν τὸ χωρίον, καὶ γὰρ τὰ ἐπιτήδεια ἐξῆν ἀσφαλῶς ἐκ Κεγχρειῶν κομίζεσθαι, οὐκ ἐποίησε ταῦτα, ἀλλὰ μάλα ἀπορούντων τῶν Θηβαίων πῶς χρὴ ἐκ τοῦ πρὸς Σικυῶνα βλέποντος καταβῆναι ἢ πάλιν ἀπελθεῖν, σπονδὰς ποιησάμενος, ὡς τοῖς πλείστοις ἐδόκει, πρὸς Θηβαίων μᾶλλον ἢ πρὸς ἑαυτῶν, οὕτως ἀπῆλθε καὶ τοὺς μεθ’ αὑτοῦ ἀπήγαγεν.;ἔξεστι;3117
Xenophon (0032);Memorabilia (002);3.1.2.1;αἰσχρὸν μέντοι, ὦ νεανία, τὸν βουλόμενον ἐν τῇ πόλει στρατηγεῖν, ἐξὸν τοῦτο μαθεῖν, ἀμελῆσαι αὐτοῦ·;ἔξεστι;946
Xenophon (0032);Ways and Means (011);5.12.4;γνώσεται δ’, ἢν σκοπῇ, καὶ ἐν τῷ νῦν χρόνῳ διὰ μὲν τὸν πόλεμον καὶ τῶν προσόδων πολλὰς ἐκλιπούσας καὶ τὰς εἰσελθούσας εἰς παντοδαπὰ καταδαπανηθείσας, ἐπεὶ δὲ εἰρήνη κατὰ θάλατταν γεγένηται, ηὐξημένας τε τὰς προσόδους, καὶ ταύταις ἐξὸν τοῖς πολίταις χρῆσθαι ὅ τι βούλονται.;ἔξεστι;186
